filename,class,emotion,duration
1019_IEO_NEU_XX.wav,African American,NEUTRAL,1.8018125
1019_IEO_SAD_LO.wav,African American,SAD,1.968625
1019_IOM_HAP_XX.wav,African American,HAPPY,2.2755625
1019_IEO_HAP_MD.wav,African American,HAPPY,1.93525
1019_IEO_SAD_HI.wav,African American,SAD,1.468125
1019_IEO_HAP_LO.wav,African American,HAPPY,1.7684375
1019_IEO_HAP_HI.wav,African American,HAPPY,2.002
1019_IEO_ANG_HI.wav,African American,ANGER,2.102125
1019_IEO_DIS_HI.wav,African American,DISGUST,2.56925
1019_IEO_DIS_LO.wav,African American,DISGUST,2.2755625
1019_DFA_SAD_XX.wav,African American,SAD,2.402375
1019_IEO_FEA_MD.wav,African American,FEAR,2.469125
1019_IEO_ANG_LO.wav,African American,ANGER,1.93525
1019_IEO_FEA_LO.wav,African American,FEAR,1.7016875
1019_IEO_DIS_MD.wav,African American,DISGUST,2.035375
1019_IEO_ANG_MD.wav,African American,ANGER,1.8685
1019_IEO_FEA_HI.wav,African American,FEAR,2.7026875
1019_DFA_HAP_XX.wav,African American,HAPPY,2.2755625
1019_DFA_NEU_XX.wav,African American,NEUTRAL,1.56825
1019_DFA_FEA_XX.wav,African American,FEAR,2.3356875
1019_DFA_DIS_XX.wav,African American,DISGUST,2.06875
1019_DFA_ANG_XX.wav,African American,ANGER,1.6683125
1038_IEO_HAP_HI.wav,African American,HAPPY,1.901875
1038_IEO_ANG_MD.wav,African American,ANGER,2.102125
1038_IEO_ANG_LO.wav,African American,ANGER,2.035375
1038_IEO_FEA_LO.wav,African American,FEAR,2.035375
1038_IEO_ANG_HI.wav,African American,ANGER,3.036375
1038_DFA_SAD_XX.wav,African American,SAD,2.3356875
1038_DFA_FEA_XX.wav,African American,FEAR,2.2689375
1019_WSI_SAD_XX.wav,African American,SAD,2.6693125
1038_DFA_ANG_XX.wav,African American,ANGER,2.56925
1038_DFA_DIS_XX.wav,African American,DISGUST,3.2365625
1019_WSI_HAP_XX.wav,African American,HAPPY,2.035375
1038_DFA_NEU_XX.wav,African American,NEUTRAL,2.2689375
1038_DFA_HAP_XX.wav,African American,HAPPY,2.002
1019_WSI_NEU_XX.wav,African American,NEUTRAL,2.2755625
1019_WSI_FEA_XX.wav,African American,FEAR,2.56925
1019_WSI_DIS_XX.wav,African American,DISGUST,2.8361875
1019_WSI_ANG_XX.wav,African American,ANGER,3.06975
1019_TSI_SAD_XX.wav,African American,SAD,2.06875
1019_TSI_NEU_XX.wav,African American,NEUTRAL,2.2021875
1019_TIE_SAD_XX.wav,African American,SAD,2.8695
1019_TSI_HAP_XX.wav,African American,HAPPY,2.1688125
1019_TIE_NEU_XX.wav,African American,NEUTRAL,2.469125
1019_TIE_HAP_XX.wav,African American,HAPPY,2.5025
1019_TSI_DIS_XX.wav,African American,DISGUST,2.6693125
1019_TIE_FEA_XX.wav,African American,FEAR,3.06975
1019_TIE_DIS_XX.wav,African American,DISGUST,3.8371875
1019_TSI_FEA_XX.wav,African American,FEAR,2.035375
1019_TSI_ANG_XX.wav,African American,ANGER,1.93525
1019_TAI_SAD_XX.wav,African American,SAD,2.602625
1019_TIE_ANG_XX.wav,African American,ANGER,3.3033125
1019_TAI_FEA_XX.wav,African American,FEAR,1.8018125
1019_TAI_NEU_XX.wav,African American,NEUTRAL,2.43575
1019_MTI_FEA_XX.wav,African American,FEAR,2.3356875
1019_TAI_HAP_XX.wav,African American,HAPPY,2.3023125
1019_MTI_SAD_XX.wav,African American,SAD,2.3356875
1019_TAI_ANG_XX.wav,African American,ANGER,2.8361875
1019_MTI_NEU_XX.wav,African American,NEUTRAL,2.1688125
1019_TAI_DIS_XX.wav,African American,DISGUST,2.93625
1019_MTI_HAP_XX.wav,African American,HAPPY,2.6359375
1019_MTI_DIS_XX.wav,African American,DISGUST,2.6693125
1019_IWW_SAD_XX.wav,African American,SAD,2.1354375
1019_MTI_ANG_XX.wav,African American,ANGER,1.901875
1019_IWW_NEU_XX.wav,African American,NEUTRAL,1.8351875
1019_IWW_DIS_XX.wav,African American,DISGUST,2.56925
1019_IWL_NEU_XX.wav,African American,NEUTRAL,2.1688125
1019_IWL_HAP_XX.wav,African American,HAPPY,2.469125
1019_IWL_FEA_XX.wav,African American,FEAR,2.469125
1019_IWL_DIS_XX.wav,African American,DISGUST,2.8695
1019_IWW_HAP_XX.wav,African American,HAPPY,2.602625
1019_IWW_FEA_XX.wav,African American,FEAR,2.535875
1019_IWW_ANG_XX.wav,African American,ANGER,2.402375
1019_ITS_NEU_XX.wav,African American,NEUTRAL,1.7684375
1019_IWL_ANG_XX.wav,African American,ANGER,2.2755625
1019_IWL_SAD_XX.wav,African American,SAD,2.102125
1019_ITS_HAP_XX.wav,African American,HAPPY,3.2365625
1019_ITS_SAD_XX.wav,African American,SAD,2.3356875
1019_ITS_FEA_XX.wav,African American,FEAR,2.6693125
1019_ITS_DIS_XX.wav,African American,DISGUST,2.8028125
1019_IOM_DIS_XX.wav,African American,DISGUST,3.036375
1019_IOM_ANG_XX.wav,African American,ANGER,2.5025
1019_IEO_SAD_MD.wav,African American,SAD,2.3023125
1019_IOM_FEA_XX.wav,African American,FEAR,2.3023125
1019_IOM_SAD_XX.wav,African American,SAD,2.1688125
1019_ITS_ANG_XX.wav,African American,ANGER,2.1688125
1019_IOM_NEU_XX.wav,African American,NEUTRAL,1.8685
1038_WSI_NEU_XX.wav,African American,NEUTRAL,2.902875
1038_TSI_FEA_XX.wav,African American,FEAR,2.369
1038_TSI_NEU_XX.wav,African American,NEUTRAL,2.93625
1038_TSI_HAP_XX.wav,African American,HAPPY,2.7360625
1038_TSI_SAD_XX.wav,African American,SAD,2.8028125
1038_WSI_SAD_XX.wav,African American,SAD,2.969625
1038_WSI_HAP_XX.wav,African American,HAPPY,2.6693125
1038_TSI_DIS_XX.wav,African American,DISGUST,2.8028125
1038_TSI_ANG_XX.wav,African American,ANGER,2.6693125
1038_WSI_ANG_XX.wav,African American,ANGER,2.93625
1038_WSI_FEA_XX.wav,African American,FEAR,2.6693125
1038_WSI_DIS_XX.wav,African American,DISGUST,3.536875
1038_TIE_SAD_XX.wav,African American,SAD,2.2355625
1038_TIE_NEU_XX.wav,African American,NEUTRAL,2.602625
1038_TIE_HAP_XX.wav,African American,HAPPY,2.535875
1038_TAI_NEU_XX.wav,African American,NEUTRAL,2.7360625
1038_TAI_HAP_XX.wav,African American,HAPPY,2.535875
1038_TAI_SAD_XX.wav,African American,SAD,2.93625
1038_TIE_ANG_XX.wav,African American,ANGER,2.8361875
1038_TIE_FEA_XX.wav,African American,FEAR,2.535875
1038_TIE_DIS_XX.wav,African American,DISGUST,3.403375
1038_TAI_FEA_XX.wav,African American,FEAR,2.5025
1038_TAI_ANG_XX.wav,African American,ANGER,2.969625
1038_TAI_DIS_XX.wav,African American,DISGUST,2.969625
1038_MTI_NEU_XX.wav,African American,NEUTRAL,2.93625
1038_MTI_SAD_XX.wav,African American,SAD,3.003
1038_MTI_HAP_XX.wav,African American,HAPPY,2.8695
1038_IWW_NEU_XX.wav,African American,NEUTRAL,2.7694375
1038_IWW_HAP_XX.wav,African American,HAPPY,2.2689375
1038_IWW_DIS_XX.wav,African American,DISGUST,2.969625
1038_IWW_FEA_XX.wav,African American,FEAR,2.535875
1038_MTI_FEA_XX.wav,African American,FEAR,2.7694375
1038_MTI_DIS_XX.wav,African American,DISGUST,3.2699375
1038_IWW_ANG_XX.wav,African American,ANGER,2.6693125
1038_IWL_NEU_XX.wav,African American,NEUTRAL,2.969625
1038_MTI_ANG_XX.wav,African American,ANGER,2.7360625
1038_IWW_SAD_XX.wav,African American,SAD,2.6693125
1038_IWL_SAD_XX.wav,African American,SAD,2.969625
1038_IWL_DIS_XX.wav,African American,DISGUST,4.3043125
1038_IWL_HAP_XX.wav,African American,HAPPY,2.7694375
1038_ITS_HAP_XX.wav,African American,HAPPY,2.7026875
1038_ITS_DIS_XX.wav,African American,DISGUST,3.536875
1038_ITS_ANG_XX.wav,African American,ANGER,3.003
1038_ITS_FEA_XX.wav,African American,FEAR,2.2689375
1038_IWL_FEA_XX.wav,African American,FEAR,2.43575
1038_ITH_NEU_XX.wav,African American,NEUTRAL,2.8361875
1038_ITH_HAP_XX.wav,African American,HAPPY,2.3023125
1038_IWL_ANG_XX.wav,African American,ANGER,2.7694375
1038_ITS_SAD_XX.wav,African American,SAD,2.969625
1038_ITS_NEU_XX.wav,African American,NEUTRAL,2.602625
1038_ITH_SAD_XX.wav,African American,SAD,2.8695
1038_ITH_FEA_XX.wav,African American,FEAR,2.7026875
1038_ITH_ANG_XX.wav,African American,ANGER,2.8695
1038_ITH_DIS_XX.wav,African American,DISGUST,4.404375
1038_IOM_HAP_XX.wav,African American,HAPPY,2.402375
1038_IOM_FEA_XX.wav,African American,FEAR,2.102125
1038_IOM_DIS_XX.wav,African American,DISGUST,3.003
1038_IOM_ANG_XX.wav,African American,ANGER,2.7694375
1038_IOM_SAD_XX.wav,African American,SAD,2.535875
1038_IEO_SAD_HI.wav,African American,SAD,2.8028125
1038_IEO_SAD_MD.wav,African American,SAD,2.43575
1038_IOM_NEU_XX.wav,African American,NEUTRAL,2.6359375
1038_IEO_HAP_MD.wav,African American,HAPPY,2.2021875
1038_IEO_SAD_LO.wav,African American,SAD,2.3023125
1038_IEO_NEU_XX.wav,African American,NEUTRAL,1.968625
1038_IEO_HAP_LO.wav,African American,HAPPY,2.06875
1038_IEO_DIS_MD.wav,African American,DISGUST,2.7360625
1038_IEO_FEA_HI.wav,African American,FEAR,1.7684375
1038_IEO_DIS_LO.wav,African American,DISGUST,2.3356875
1038_IEO_DIS_HI.wav,African American,DISGUST,2.8028125
1038_IEO_FEA_MD.wav,African American,FEAR,2.535875
1042_TIE_HAP_XX.wav,African American,HAPPY,2.5025
1042_TAI_NEU_XX.wav,African American,NEUTRAL,2.3023125
1042_TAI_FEA_XX.wav,African American,FEAR,2.43575
1042_TAI_HAP_XX.wav,African American,HAPPY,2.2689375
1042_TAI_DIS_XX.wav,African American,DISGUST,2.5025
1042_TIE_DIS_XX.wav,African American,DISGUST,2.7026875
1042_TIE_FEA_XX.wav,African American,FEAR,2.6359375
1042_TIE_ANG_XX.wav,African American,ANGER,3.003
1042_TAI_SAD_XX.wav,African American,SAD,2.06875
1042_TAI_ANG_XX.wav,African American,ANGER,2.2021875
1042_MTI_SAD_XX.wav,African American,SAD,2.969625
1042_MTI_NEU_XX.wav,African American,NEUTRAL,2.469125
1042_IWL_SAD_XX.wav,African American,SAD,2.3690625
1042_IWW_ANG_XX.wav,African American,ANGER,2.2689375
1042_IWW_DIS_XX.wav,African American,DISGUST,2.102125
1042_IWW_FEA_XX.wav,African American,FEAR,1.8351875
1042_MTI_DIS_XX.wav,African American,DISGUST,2.8361875
1042_MTI_FEA_XX.wav,African American,FEAR,2.5025
1042_IWW_NEU_XX.wav,African American,NEUTRAL,2.2689375
1042_MTI_ANG_XX.wav,African American,ANGER,2.43575
1042_IWW_SAD_XX.wav,African American,SAD,1.968625
1042_IWL_FEA_XX.wav,African American,FEAR,2.3023125
1042_IWL_NEU_XX.wav,African American,NEUTRAL,2.035375
1042_IWW_HAP_XX.wav,African American,HAPPY,2.06875
1042_IWL_HAP_XX.wav,African American,HAPPY,1.7684375
1042_IWL_DIS_XX.wav,African American,DISGUST,2.7694375
1042_IWL_ANG_XX.wav,African American,ANGER,2.56925
1042_ITS_SAD_XX.wav,African American,SAD,2.402375
1042_ITH_NEU_XX.wav,African American,NEUTRAL,2.3356875
1042_ITH_HAP_XX.wav,African American,HAPPY,2.43575
1042_ITS_ANG_XX.wav,African American,ANGER,2.2689375
1042_ITH_SAD_XX.wav,African American,SAD,2.7360625
1042_ITS_HAP_XX.wav,African American,HAPPY,2.1354375
1042_ITS_NEU_XX.wav,African American,NEUTRAL,2.2021875
1042_ITS_FEA_XX.wav,African American,FEAR,2.035375
1042_ITH_ANG_XX.wav,African American,ANGER,2.7360625
1042_ITH_FEA_XX.wav,African American,FEAR,2.902875
1042_ITS_DIS_XX.wav,African American,DISGUST,2.535875
1042_IOM_NEU_XX.wav,African American,NEUTRAL,2.1688125
1042_ITH_DIS_XX.wav,African American,DISGUST,2.6693125
1042_IOM_SAD_XX.wav,African American,SAD,1.901875
1042_IOM_HAP_XX.wav,African American,HAPPY,2.3356875
1042_IEO_HAP_HI.wav,African American,HAPPY,2.7026875
1042_IEO_SAD_LO.wav,African American,SAD,2.102125
1042_IEO_HAP_MD.wav,African American,HAPPY,2.06875
1042_IEO_SAD_HI.wav,African American,SAD,2.8028125
1042_IEO_FEA_MD.wav,African American,FEAR,2.3356875
1042_IOM_DIS_XX.wav,African American,DISGUST,2.2826875
1042_IOM_FEA_XX.wav,African American,FEAR,2.035375
1042_IOM_ANG_XX.wav,African American,ANGER,2.002
1042_IEO_NEU_XX.wav,African American,NEUTRAL,1.93525
1042_IEO_SAD_MD.wav,African American,SAD,2.56925
1042_IEO_HAP_LO.wav,African American,HAPPY,2.035375
1042_IEO_FEA_LO.wav,African American,FEAR,2.5025
1042_IEO_FEA_HI.wav,African American,FEAR,2.06875
1042_IEO_ANG_LO.wav,African American,ANGER,1.7016875
1042_DFA_SAD_XX.wav,African American,SAD,2.035375
1042_DFA_HAP_XX.wav,African American,HAPPY,2.002
1042_DFA_NEU_XX.wav,African American,NEUTRAL,2.3690625
1042_IEO_ANG_HI.wav,African American,ANGER,2.535875
1042_IEO_DIS_MD.wav,African American,DISGUST,2.3356875
1042_IEO_DIS_HI.wav,African American,DISGUST,2.06875
1042_DFA_FEA_XX.wav,African American,FEAR,1.6349375
1042_IEO_DIS_LO.wav,African American,DISGUST,2.602625
1042_IEO_ANG_MD.wav,African American,ANGER,1.8351875
1042_DFA_DIS_XX.wav,African American,DISGUST,1.93525
1042_DFA_ANG_XX.wav,African American,ANGER,1.93525
1050_MTI_DIS_XX.wav,African American,DISGUST,3.8371875
1050_MTI_ANG_XX.wav,African American,ANGER,2.902875
1050_IWW_HAP_XX.wav,African American,HAPPY,2.602625
1050_TAI_ANG_XX.wav,African American,ANGER,2.56925
1050_IWW_SAD_XX.wav,African American,SAD,2.1688125
1050_IWW_NEU_XX.wav,African American,NEUTRAL,1.93525
1050_IWW_FEA_XX.wav,African American,FEAR,3.003
1050_IWL_FEA_XX.wav,African American,FEAR,3.1698125
1050_IWL_HAP_XX.wav,African American,HAPPY,2.602625
1050_IWL_DIS_XX.wav,African American,DISGUST,3.57025
1050_ITS_SAD_XX.wav,African American,SAD,2.535875
1050_IWL_SAD_XX.wav,African American,SAD,3.003
1050_IWW_DIS_XX.wav,African American,DISGUST,2.902875
1050_IWW_ANG_XX.wav,African American,ANGER,2.3690625
1050_IWL_ANG_XX.wav,African American,ANGER,2.7694375
1050_ITS_HAP_XX.wav,African American,HAPPY,3.2031875
1050_IWL_NEU_XX.wav,African American,NEUTRAL,2.469125
1050_ITS_NEU_XX.wav,African American,NEUTRAL,1.8351875
1050_ITS_FEA_XX.wav,African American,FEAR,3.2365625
1050_ITS_DIS_XX.wav,African American,DISGUST,3.33275
1050_ITS_ANG_XX.wav,African American,ANGER,2.8695625
1050_ITH_DIS_XX.wav,African American,DISGUST,4.037375
1050_ITH_ANG_XX.wav,African American,ANGER,2.8028125
1050_IOM_FEA_XX.wav,African American,FEAR,2.102125
1050_ITH_FEA_XX.wav,African American,FEAR,3.43675
1050_ITH_HAP_XX.wav,African American,HAPPY,3.003
1050_IOM_HAP_XX.wav,African American,HAPPY,2.06875
1050_IOM_SAD_XX.wav,African American,SAD,2.035375
1050_ITH_SAD_XX.wav,African American,SAD,2.6693125
1050_IEO_SAD_LO.wav,African American,SAD,2.035375
1050_IEO_SAD_MD.wav,African American,SAD,2.1354375
1050_IEO_FEA_LO.wav,African American,FEAR,2.2755625
1050_IEO_SAD_HI.wav,African American,SAD,2.535875
1050_IEO_FEA_MD.wav,African American,FEAR,2.06875
1050_IEO_NEU_XX.wav,African American,NEUTRAL,2.06875
1050_IOM_ANG_XX.wav,African American,ANGER,2.969625
1050_IOM_DIS_XX.wav,African American,DISGUST,2.6693125
1050_IOM_NEU_XX.wav,African American,NEUTRAL,1.8685625
1050_ITH_NEU_XX.wav,African American,NEUTRAL,2.3023125
1050_IEO_HAP_MD.wav,African American,HAPPY,2.035375
1050_IEO_HAP_LO.wav,African American,HAPPY,1.8351875
1050_IEO_HAP_HI.wav,African American,HAPPY,1.93525
1050_IEO_DIS_MD.wav,African American,DISGUST,2.1688125
1050_IEO_FEA_HI.wav,African American,FEAR,2.56925
1050_IEO_DIS_LO.wav,African American,DISGUST,1.93525
1050_DFA_SAD_XX.wav,African American,SAD,2.7026875
1050_DFA_HAP_XX.wav,African American,HAPPY,2.3356875
1050_DFA_FEA_XX.wav,African American,FEAR,2.969625
1050_IEO_ANG_HI.wav,African American,ANGER,2.369
1050_IEO_DIS_HI.wav,African American,DISGUST,2.002
1050_IEO_ANG_LO.wav,African American,ANGER,1.601625
1050_DFA_DIS_XX.wav,African American,DISGUST,3.536875
1050_DFA_ANG_XX.wav,African American,ANGER,2.5025
1050_IEO_ANG_MD.wav,African American,ANGER,1.8018125
1050_DFA_NEU_XX.wav,African American,NEUTRAL,1.8685625
1042_WSI_SAD_XX.wav,African American,SAD,2.3690625
1042_WSI_FEA_XX.wav,African American,FEAR,2.3690625
1042_TSI_NEU_XX.wav,African American,NEUTRAL,2.2021875
1042_TSI_SAD_XX.wav,African American,SAD,1.8685625
1042_WSI_ANG_XX.wav,African American,ANGER,2.3690625
1042_TSI_HAP_XX.wav,African American,HAPPY,2.469125
1042_WSI_NEU_XX.wav,African American,NEUTRAL,2.3356875
1042_WSI_HAP_XX.wav,African American,HAPPY,2.2689375
1042_TSI_FEA_XX.wav,African American,FEAR,2.2826875
1042_TSI_DIS_XX.wav,African American,DISGUST,1.468125
1042_WSI_DIS_XX.wav,African American,DISGUST,2.535875
1042_TIE_SAD_XX.wav,African American,SAD,3.1364375
1042_TSI_ANG_XX.wav,African American,ANGER,1.968625
1042_TIE_NEU_XX.wav,African American,NEUTRAL,2.2689375
1059_IWW_ANG_XX.wav,African American,ANGER,2.1354375
1059_IWW_HAP_XX.wav,African American,HAPPY,2.035375
1059_MTI_DIS_XX.wav,African American,DISGUST,2.6693125
1059_IWW_SAD_XX.wav,African American,SAD,2.1688125
1059_IWW_DIS_XX.wav,African American,DISGUST,1.901875
1059_IWL_HAP_XX.wav,African American,HAPPY,2.3023125
1059_IWL_DIS_XX.wav,African American,DISGUST,2.469125
1059_ITS_SAD_XX.wav,African American,SAD,1.93525
1059_ITS_HAP_XX.wav,African American,HAPPY,2.2826875
1059_ITS_NEU_XX.wav,African American,NEUTRAL,2.469125
1059_ITS_DIS_XX.wav,African American,DISGUST,2.8695625
1059_ITS_ANG_XX.wav,African American,ANGER,2.3023125
1059_IWL_FEA_XX.wav,African American,FEAR,1.93525
1059_IWL_ANG_XX.wav,African American,ANGER,2.7360625
1059_ITS_FEA_XX.wav,African American,FEAR,2.6359375
1059_ITH_SAD_XX.wav,African American,SAD,2.43575
1059_ITH_HAP_XX.wav,African American,HAPPY,2.7026875
1059_ITH_NEU_XX.wav,African American,NEUTRAL,2.5025
1059_ITH_FEA_XX.wav,African American,FEAR,2.535875
1059_IOM_DIS_XX.wav,African American,DISGUST,2.6359375
1059_IOM_FEA_XX.wav,African American,FEAR,2.5025
1059_IOM_HAP_XX.wav,African American,HAPPY,2.3023125
1059_IOM_NEU_XX.wav,African American,NEUTRAL,2.5025
1059_ITH_DIS_XX.wav,African American,DISGUST,2.7694375
1059_IOM_SAD_XX.wav,African American,SAD,2.43575
1059_IOM_ANG_XX.wav,African American,ANGER,2.3356875
1059_IEO_SAD_MD.wav,African American,SAD,3.3700625
1059_ITH_ANG_XX.wav,African American,ANGER,2.402375
1059_IEO_SAD_HI.wav,African American,SAD,2.6693125
1059_IEO_SAD_LO.wav,African American,SAD,2.402375
1059_IEO_HAP_LO.wav,African American,HAPPY,2.43575
1059_IEO_NEU_XX.wav,African American,NEUTRAL,2.902875
1059_IEO_FEA_HI.wav,African American,FEAR,2.102125
1059_IEO_FEA_LO.wav,African American,FEAR,2.3356875
1059_IEO_DIS_MD.wav,African American,DISGUST,2.8028125
1059_IEO_FEA_MD.wav,African American,FEAR,2.1688125
1059_IEO_HAP_MD.wav,African American,HAPPY,2.1688125
1059_IEO_DIS_LO.wav,African American,DISGUST,2.1688125
1059_IEO_ANG_MD.wav,African American,ANGER,2.3356875
1059_IEO_HAP_HI.wav,African American,HAPPY,2.402375
1059_IEO_ANG_HI.wav,African American,ANGER,2.56925
1059_IEO_DIS_HI.wav,African American,DISGUST,2.902875
1059_IEO_ANG_LO.wav,African American,ANGER,2.035375
1059_DFA_SAD_XX.wav,African American,SAD,2.1354375
1050_WSI_NEU_XX.wav,African American,NEUTRAL,2.1354375
1050_WSI_SAD_XX.wav,African American,SAD,3.2365625
1050_WSI_DIS_XX.wav,African American,DISGUST,4.3043125
1050_WSI_HAP_XX.wav,African American,HAPPY,2.8361875
1059_DFA_FEA_XX.wav,African American,FEAR,2.06875
1059_DFA_NEU_XX.wav,African American,NEUTRAL,2.602625
1059_DFA_HAP_XX.wav,African American,HAPPY,1.8018125
1050_WSI_FEA_XX.wav,African American,FEAR,3.1364375
1050_WSI_ANG_XX.wav,African American,ANGER,2.602625
1059_DFA_DIS_XX.wav,African American,DISGUST,2.002
1050_TSI_SAD_XX.wav,African American,SAD,3.1698125
1059_DFA_ANG_XX.wav,African American,ANGER,1.901875
1050_TSI_NEU_XX.wav,African American,NEUTRAL,1.8018125
1050_TSI_HAP_XX.wav,African American,HAPPY,2.6693125
1050_TIE_SAD_XX.wav,African American,SAD,2.8695
1050_TIE_NEU_XX.wav,African American,NEUTRAL,2.8361875
1050_TIE_HAP_XX.wav,African American,HAPPY,2.8028125
1050_TIE_FEA_XX.wav,African American,FEAR,2.469125
1050_TSI_DIS_XX.wav,African American,DISGUST,3.970625
1050_TSI_FEA_XX.wav,African American,FEAR,3.103125
1050_TIE_DIS_XX.wav,African American,DISGUST,3.43675
1050_TIE_ANG_XX.wav,African American,ANGER,2.535875
1050_TSI_ANG_XX.wav,African American,ANGER,2.1354375
1050_TAI_SAD_XX.wav,African American,SAD,2.535875
1050_TAI_NEU_XX.wav,African American,NEUTRAL,1.901875
1050_TAI_FEA_XX.wav,African American,FEAR,2.8028125
1050_MTI_HAP_XX.wav,African American,HAPPY,2.469125
1050_MTI_FEA_XX.wav,African American,FEAR,2.535875
1050_MTI_NEU_XX.wav,African American,NEUTRAL,2.56925
1050_MTI_SAD_XX.wav,African American,SAD,3.036375
1050_TAI_DIS_XX.wav,African American,DISGUST,3.57025
1050_TAI_HAP_XX.wav,African American,HAPPY,2.002
1070_IWL_HAP_XX.wav,African American,HAPPY,2.6693125
1070_IWL_SAD_XX.wav,African American,SAD,2.8028125
1070_IWL_ANG_XX.wav,African American,ANGER,2.7026875
1070_IWL_FEA_XX.wav,African American,FEAR,2.6693125
1070_IWL_NEU_XX.wav,African American,NEUTRAL,2.469125
1070_ITS_HAP_XX.wav,African American,HAPPY,2.3356875
1070_ITS_DIS_XX.wav,African American,DISGUST,3.103125
1070_IOM_HAP_XX.wav,African American,HAPPY,2.535875
1070_ITH_HAP_XX.wav,African American,HAPPY,2.7360625
1070_IOM_SAD_XX.wav,African American,SAD,2.402375
1070_IOM_FEA_XX.wav,African American,FEAR,2.3023125
1070_ITH_NEU_XX.wav,African American,NEUTRAL,2.8028125
1070_ITS_ANG_XX.wav,African American,ANGER,2.7694375
1070_IOM_NEU_XX.wav,African American,NEUTRAL,2.6693125
1070_ITH_FEA_XX.wav,African American,FEAR,3.003
1070_ITH_ANG_XX.wav,African American,ANGER,2.469125
1070_ITH_DIS_XX.wav,African American,DISGUST,3.536875
1070_ITH_SAD_XX.wav,African American,SAD,3.2031875
1070_IOM_DIS_XX.wav,African American,DISGUST,2.7360625
1070_IOM_ANG_XX.wav,African American,ANGER,2.6693125
1070_IEO_SAD_MD.wav,African American,SAD,3.3033125
1070_IEO_HAP_MD.wav,African American,HAPPY,1.901875
1070_IEO_FEA_MD.wav,African American,FEAR,2.1688125
1070_IEO_HAP_LO.wav,African American,HAPPY,1.901875
1070_IEO_HAP_HI.wav,African American,HAPPY,2.035375
1070_IEO_SAD_HI.wav,African American,SAD,2.1688125
1070_IEO_FEA_LO.wav,African American,FEAR,2.2826875
1070_IEO_FEA_HI.wav,African American,FEAR,2.56925
1070_IEO_SAD_LO.wav,African American,SAD,2.402375
1070_IEO_NEU_XX.wav,African American,NEUTRAL,2.535875
1070_IEO_DIS_MD.wav,African American,DISGUST,2.402375
1042_MTI_HAP_XX.wav,African American,HAPPY,2.902875
1070_IEO_DIS_LO.wav,African American,DISGUST,2.43575
1070_IEO_ANG_MD.wav,African American,ANGER,2.2826875
1070_DFA_NEU_XX.wav,African American,NEUTRAL,2.43575
1070_DFA_DIS_XX.wav,African American,DISGUST,2.969625
1070_DFA_HAP_XX.wav,African American,HAPPY,2.3356875
1070_IEO_ANG_HI.wav,African American,ANGER,2.3356875
1070_IEO_DIS_HI.wav,African American,DISGUST,2.8028125
1070_IEO_ANG_LO.wav,African American,ANGER,1.8351875
1070_DFA_SAD_XX.wav,African American,SAD,2.43575
1070_DFA_ANG_XX.wav,African American,ANGER,2.8361875
1070_DFA_FEA_XX.wav,African American,FEAR,2.5025
1059_WSI_HAP_XX.wav,African American,HAPPY,2.6693125
1059_WSI_SAD_XX.wav,African American,SAD,2.469125
1059_WSI_NEU_XX.wav,African American,NEUTRAL,2.2355625
1059_WSI_ANG_XX.wav,African American,ANGER,2.43575
1059_TSI_SAD_XX.wav,African American,SAD,2.1688125
1059_TSI_NEU_XX.wav,African American,NEUTRAL,2.402375
1059_WSI_DIS_XX.wav,African American,DISGUST,2.902875
1059_WSI_FEA_XX.wav,African American,FEAR,2.43575
1059_TSI_DIS_XX.wav,African American,DISGUST,2.2826875
1059_TSI_HAP_XX.wav,African American,HAPPY,2.06875
1059_TSI_ANG_XX.wav,African American,ANGER,2.06875
1059_TSI_FEA_XX.wav,African American,FEAR,1.8018125
1059_TIE_SAD_XX.wav,African American,SAD,3.8038125
1059_TIE_NEU_XX.wav,African American,NEUTRAL,3.403375
1059_TAI_NEU_XX.wav,African American,NEUTRAL,2.8695625
1059_TAI_FEA_XX.wav,African American,FEAR,2.402375
1059_TAI_SAD_XX.wav,African American,SAD,2.469125
1059_TAI_HAP_XX.wav,African American,HAPPY,2.902875
1059_TIE_FEA_XX.wav,African American,FEAR,2.902875
1059_TIE_HAP_XX.wav,African American,HAPPY,3.103125
1059_TIE_DIS_XX.wav,African American,DISGUST,3.37
1059_TAI_DIS_XX.wav,African American,DISGUST,2.6359375
1059_TAI_ANG_XX.wav,African American,ANGER,2.8695625
1059_TIE_ANG_XX.wav,African American,ANGER,3.43675
1059_MTI_SAD_XX.wav,African American,SAD,2.56925
1059_MTI_HAP_XX.wav,African American,HAPPY,2.469125
1059_MTI_NEU_XX.wav,African American,NEUTRAL,2.93625
1059_MTI_FEA_XX.wav,African American,FEAR,2.3023125
1059_IWW_NEU_XX.wav,African American,NEUTRAL,2.2021875
1059_IWW_FEA_XX.wav,African American,FEAR,2.1354375
1059_IWL_SAD_XX.wav,African American,SAD,2.6359375
1059_IWL_NEU_XX.wav,African American,NEUTRAL,2.56925
1059_MTI_ANG_XX.wav,African American,ANGER,2.6359375
1073_ITH_FEA_XX.wav,African American,FEAR,3.6369375
1073_IOM_SAD_XX.wav,African American,SAD,2.1688125
1073_IOM_HAP_XX.wav,African American,HAPPY,2.8695625
1073_IEO_SAD_HI.wav,African American,SAD,2.56925
1073_IEO_SAD_MD.wav,African American,SAD,2.2021875
1073_IEO_NEU_XX.wav,African American,NEUTRAL,1.968625
1073_IOM_ANG_XX.wav,African American,ANGER,2.2826875
1073_IOM_NEU_XX.wav,African American,NEUTRAL,2.3690625
1073_IOM_FEA_XX.wav,African American,FEAR,2.93625
1073_IEO_SAD_LO.wav,African American,SAD,1.7684375
1073_IEO_HAP_MD.wav,African American,HAPPY,2.035375
1073_IOM_DIS_XX.wav,African American,DISGUST,2.8695625
1073_IEO_HAP_LO.wav,African American,HAPPY,1.601625
1073_IEO_HAP_HI.wav,African American,HAPPY,2.3356875
1073_IEO_FEA_MD.wav,African American,FEAR,2.002
1073_IEO_FEA_LO.wav,African American,FEAR,2.1688125
1073_IEO_DIS_HI.wav,African American,DISGUST,2.2826875
1073_IEO_ANG_HI.wav,African American,ANGER,2.469125
1073_DFA_HAP_XX.wav,African American,HAPPY,2.5025
1073_DFA_NEU_XX.wav,African American,NEUTRAL,2.1688125
1073_IEO_DIS_MD.wav,African American,DISGUST,2.602625
1073_IEO_ANG_MD.wav,African American,ANGER,1.534875
1073_DFA_SAD_XX.wav,African American,SAD,2.035375
1073_IEO_FEA_HI.wav,African American,FEAR,2.469125
1073_IEO_DIS_LO.wav,African American,DISGUST,1.901875
1073_IEO_ANG_LO.wav,African American,ANGER,1.5015
1073_DFA_FEA_XX.wav,African American,FEAR,2.43575
1073_DFA_DIS_XX.wav,African American,DISGUST,3.103125
1070_WSI_NEU_XX.wav,African American,NEUTRAL,3.403375
1070_WSI_DIS_XX.wav,African American,DISGUST,3.1364375
1070_WSI_HAP_XX.wav,African American,HAPPY,2.3356875
1070_WSI_FEA_XX.wav,African American,FEAR,2.3690625
1073_DFA_ANG_XX.wav,African American,ANGER,2.2689375
1070_WSI_ANG_XX.wav,African American,ANGER,3.43675
1070_TSI_SAD_XX.wav,African American,SAD,2.7360625
1070_WSI_SAD_XX.wav,African American,SAD,2.7694375
1070_TSI_HAP_XX.wav,African American,HAPPY,2.43575
1070_TSI_NEU_XX.wav,African American,NEUTRAL,2.2689375
1070_TSI_FEA_XX.wav,African American,FEAR,2.2689375
1070_TSI_DIS_XX.wav,African American,DISGUST,3.2031875
1070_TIE_HAP_XX.wav,African American,HAPPY,2.3690625
1070_TIE_FEA_XX.wav,African American,FEAR,2.7360625
1070_TIE_ANG_XX.wav,African American,ANGER,2.8695625
1070_TIE_DIS_XX.wav,African American,DISGUST,3.6369375
1070_TIE_NEU_XX.wav,African American,NEUTRAL,2.3356875
1070_TSI_ANG_XX.wav,African American,ANGER,2.402375
1070_TAI_SAD_XX.wav,African American,SAD,2.8361875
1070_TAI_NEU_XX.wav,African American,NEUTRAL,2.2826875
1070_TIE_SAD_XX.wav,African American,SAD,3.1698125
1070_TAI_HAP_XX.wav,African American,HAPPY,2.535875
1070_TAI_FEA_XX.wav,African American,FEAR,2.2826875
1070_MTI_SAD_XX.wav,African American,SAD,2.902875
1070_MTI_DIS_XX.wav,African American,DISGUST,3.43675
1070_MTI_FEA_XX.wav,African American,FEAR,2.8361875
1070_MTI_HAP_XX.wav,African American,HAPPY,3.036375
1070_MTI_ANG_XX.wav,African American,ANGER,3.003
1070_TAI_DIS_XX.wav,African American,DISGUST,2.902875
1070_TAI_ANG_XX.wav,African American,ANGER,2.469125
1070_IWW_SAD_XX.wav,African American,SAD,2.93625
1070_IWW_NEU_XX.wav,African American,NEUTRAL,2.6693125
1070_MTI_NEU_XX.wav,African American,NEUTRAL,2.602625
1070_IWW_DIS_XX.wav,African American,DISGUST,2.93625
1070_IWW_HAP_XX.wav,African American,HAPPY,2.8028125
1070_IWW_FEA_XX.wav,African American,FEAR,2.3356875
1070_IWW_ANG_XX.wav,African American,ANGER,2.56925
1070_ITS_SAD_XX.wav,African American,SAD,2.8695625
1070_ITS_FEA_XX.wav,African American,FEAR,2.1688125
1070_ITS_NEU_XX.wav,African American,NEUTRAL,2.6693125
1070_IWL_DIS_XX.wav,African American,DISGUST,3.2031875
1074_IEO_SAD_LO.wav,African American,SAD,2.3690625
1074_IEO_FEA_HI.wav,African American,FEAR,2.3356875
1074_IEO_SAD_HI.wav,African American,SAD,2.002
1074_IEO_DIS_MD.wav,African American,DISGUST,1.8018125
1074_IEO_DIS_LO.wav,African American,DISGUST,1.8351875
1074_IEO_HAP_MD.wav,African American,HAPPY,2.535875
1074_IEO_HAP_HI.wav,African American,HAPPY,1.6683125
1074_IEO_FEA_MD.wav,African American,FEAR,1.7684375
1074_IEO_FEA_LO.wav,African American,FEAR,1.968625
1074_IEO_HAP_LO.wav,African American,HAPPY,2.2021875
1074_IEO_NEU_XX.wav,African American,NEUTRAL,2.3023125
1074_IEO_DIS_HI.wav,African American,DISGUST,1.901875
1074_IEO_ANG_MD.wav,African American,ANGER,2.3023125
1074_IEO_ANG_HI.wav,African American,ANGER,2.602625
1074_DFA_HAP_XX.wav,African American,HAPPY,2.06875
1073_WSI_NEU_XX.wav,African American,NEUTRAL,2.06875
1074_DFA_FEA_XX.wav,African American,FEAR,2.7694375
1074_DFA_DIS_XX.wav,African American,DISGUST,2.93625
1074_IEO_ANG_LO.wav,African American,ANGER,1.56825
1074_DFA_SAD_XX.wav,African American,SAD,2.1354375
1073_WSI_HAP_XX.wav,African American,HAPPY,2.6359375
1074_DFA_ANG_XX.wav,African American,ANGER,2.7026875
1073_WSI_FEA_XX.wav,African American,FEAR,3.003
1074_DFA_NEU_XX.wav,African American,NEUTRAL,2.2689375
1073_WSI_SAD_XX.wav,African American,SAD,2.402375
1073_WSI_DIS_XX.wav,African American,DISGUST,3.036375
1073_WSI_ANG_XX.wav,African American,ANGER,2.7694375
1073_TSI_NEU_XX.wav,African American,NEUTRAL,2.43575
1073_TIE_FEA_XX.wav,African American,FEAR,2.7360625
1073_TSI_FEA_XX.wav,African American,FEAR,2.43575
1073_TSI_ANG_XX.wav,African American,ANGER,2.469125
1073_TSI_DIS_XX.wav,African American,DISGUST,3.1364375
1073_TSI_SAD_XX.wav,African American,SAD,2.102125
1073_TIE_HAP_XX.wav,African American,HAPPY,2.8695
1073_TIE_SAD_XX.wav,African American,SAD,2.06875
1073_TSI_HAP_XX.wav,African American,HAPPY,2.535875
1073_TIE_DIS_XX.wav,African American,DISGUST,3.2031875
1073_TAI_SAD_XX.wav,African American,SAD,2.5025
1073_TIE_NEU_XX.wav,African American,NEUTRAL,2.3023125
1073_TIE_ANG_XX.wav,African American,ANGER,2.002
1073_MTI_ANG_XX.wav,African American,ANGER,2.6359375
1073_MTI_SAD_XX.wav,African American,SAD,2.56925
1073_TAI_ANG_XX.wav,African American,ANGER,2.56925
1073_MTI_NEU_XX.wav,African American,NEUTRAL,2.6359375
1073_TAI_NEU_XX.wav,African American,NEUTRAL,2.7026875
1073_TAI_HAP_XX.wav,African American,HAPPY,2.93625
1073_MTI_HAP_XX.wav,African American,HAPPY,2.8695625
1073_MTI_FEA_XX.wav,African American,FEAR,2.6693125
1073_TAI_FEA_XX.wav,African American,FEAR,2.7026875
1073_TAI_DIS_XX.wav,African American,DISGUST,2.93625
1073_MTI_DIS_XX.wav,African American,DISGUST,2.969625
1073_IWW_HAP_XX.wav,African American,HAPPY,2.469125
1073_IWW_SAD_XX.wav,African American,SAD,2.6359375
1073_IWL_HAP_XX.wav,African American,HAPPY,2.969625
1073_IWW_DIS_XX.wav,African American,DISGUST,2.902875
1073_IWW_ANG_XX.wav,African American,ANGER,2.3023125
1073_IWL_SAD_XX.wav,African American,SAD,2.602625
1073_IWW_NEU_XX.wav,African American,NEUTRAL,2.3023125
1073_IWL_FEA_XX.wav,African American,FEAR,2.6693125
1073_IWL_NEU_XX.wav,African American,NEUTRAL,2.7026875
1073_IWW_FEA_XX.wav,African American,FEAR,2.93625
1073_IWL_ANG_XX.wav,African American,ANGER,2.6359375
1073_IWL_DIS_XX.wav,African American,DISGUST,3.2031875
1073_ITS_SAD_XX.wav,African American,SAD,2.43575
1073_ITS_NEU_XX.wav,African American,NEUTRAL,2.3690625
1073_ITH_DIS_XX.wav,African American,DISGUST,3.103125
1073_ITH_SAD_XX.wav,African American,SAD,2.535875
1073_ITS_DIS_XX.wav,African American,DISGUST,2.8361875
1073_ITH_HAP_XX.wav,African American,HAPPY,2.8361875
1073_ITH_ANG_XX.wav,African American,ANGER,2.535875
1073_ITS_FEA_XX.wav,African American,FEAR,2.8028125
1073_ITS_HAP_XX.wav,African American,HAPPY,2.43575
1073_ITS_ANG_XX.wav,African American,ANGER,2.535875
1073_ITH_NEU_XX.wav,African American,NEUTRAL,2.7360625
1074_WSI_HAP_XX.wav,African American,HAPPY,2.93625
1074_WSI_SAD_XX.wav,African American,SAD,2.56925
1074_WSI_FEA_XX.wav,African American,FEAR,3.2031875
1074_WSI_NEU_XX.wav,African American,NEUTRAL,2.6693125
1074_TSI_SAD_XX.wav,African American,SAD,2.3023125
1074_WSI_DIS_XX.wav,African American,DISGUST,3.103125
1074_WSI_ANG_XX.wav,African American,ANGER,2.93625
1074_TSI_FEA_XX.wav,African American,FEAR,2.8361875
1074_TSI_NEU_XX.wav,African American,NEUTRAL,2.7694375
1074_TSI_HAP_XX.wav,African American,HAPPY,2.535875
1074_TIE_ANG_XX.wav,African American,ANGER,3.1364375
1074_TIE_FEA_XX.wav,African American,FEAR,3.6369375
1074_TIE_HAP_XX.wav,African American,HAPPY,2.969625
1074_TIE_DIS_XX.wav,African American,DISGUST,3.43675
1074_TSI_DIS_XX.wav,African American,DISGUST,2.7360625
1074_TIE_SAD_XX.wav,African American,SAD,4.004
1074_TAI_SAD_XX.wav,African American,SAD,2.469125
1074_TAI_NEU_XX.wav,African American,NEUTRAL,2.6693125
1074_TSI_ANG_XX.wav,African American,ANGER,2.602625
1074_TIE_NEU_XX.wav,African American,NEUTRAL,2.969625
1074_TAI_HAP_XX.wav,African American,HAPPY,2.535875
1074_TAI_DIS_XX.wav,African American,DISGUST,2.2355625
1074_TAI_FEA_XX.wav,African American,FEAR,2.8695625
1074_MTI_NEU_XX.wav,African American,NEUTRAL,2.7360625
1074_MTI_DIS_XX.wav,African American,DISGUST,2.902875
1074_MTI_FEA_XX.wav,African American,FEAR,2.602625
1074_MTI_HAP_XX.wav,African American,HAPPY,2.7694375
1074_TAI_ANG_XX.wav,African American,ANGER,2.93625
1074_ITH_SAD_XX.wav,African American,SAD,2.7694375
1074_ITS_ANG_XX.wav,African American,ANGER,3.036375
1074_ITS_DIS_XX.wav,African American,DISGUST,3.036375
1074_ITS_HAP_XX.wav,African American,HAPPY,2.3690625
1074_IWL_HAP_XX.wav,African American,HAPPY,2.6359375
1074_ITS_NEU_XX.wav,African American,NEUTRAL,2.7694375
1074_ITS_FEA_XX.wav,African American,FEAR,2.969625
1074_IWL_NEU_XX.wav,African American,NEUTRAL,2.7360625
1074_IWW_ANG_XX.wav,African American,ANGER,2.8028125
1074_IWL_SAD_XX.wav,African American,SAD,2.93625
1074_IWL_ANG_XX.wav,African American,ANGER,2.8028125
1074_ITS_SAD_XX.wav,African American,SAD,2.535875
1074_IWL_DIS_XX.wav,African American,DISGUST,3.1364375
1074_IWL_FEA_XX.wav,African American,FEAR,2.902875
1074_IWW_DIS_XX.wav,African American,DISGUST,2.902875
1074_IWW_HAP_XX.wav,African American,HAPPY,2.5025
1074_IWW_NEU_XX.wav,African American,NEUTRAL,2.43575
1074_IWW_FEA_XX.wav,African American,FEAR,2.7360625
1074_MTI_SAD_XX.wav,African American,SAD,2.969625
1074_IWW_SAD_XX.wav,African American,SAD,2.8028125
1074_MTI_ANG_XX.wav,African American,ANGER,3.103125
1074_ITH_FEA_XX.wav,African American,FEAR,2.8695625
1074_IOM_NEU_XX.wav,African American,NEUTRAL,2.535875
1074_ITH_ANG_XX.wav,African American,ANGER,2.902875
1074_ITH_DIS_XX.wav,African American,DISGUST,2.8361875
1074_IOM_SAD_XX.wav,African American,SAD,2.2826875
1074_IOM_DIS_XX.wav,African American,DISGUST,2.7694375
1074_IOM_HAP_XX.wav,African American,HAPPY,2.8028125
1074_ITH_NEU_XX.wav,African American,NEUTRAL,2.7026875
1074_ITH_HAP_XX.wav,African American,HAPPY,2.6693125
1074_IOM_FEA_XX.wav,African American,FEAR,2.402375
1074_IOM_ANG_XX.wav,African American,ANGER,2.6693125
1074_IEO_SAD_MD.wav,African American,SAD,2.102125
1014_ITS_ANG_XX.wav,Cauasian,ANGER,2.7694375
1014_ITH_SAD_XX.wav,Cauasian,SAD,3.43675
1014_IOM_SAD_XX.wav,Cauasian,SAD,3.103125
1014_ITH_ANG_XX.wav,Cauasian,ANGER,3.57025
1014_ITH_DIS_XX.wav,Cauasian,DISGUST,3.37
1014_IOM_NEU_XX.wav,Cauasian,NEUTRAL,2.102125
1014_ITH_HAP_XX.wav,Cauasian,HAPPY,2.43575
1014_IOM_DIS_XX.wav,Cauasian,DISGUST,2.06875
1014_ITH_FEA_XX.wav,Cauasian,FEAR,2.3356875
1014_ITH_NEU_XX.wav,Cauasian,NEUTRAL,2.6693125
1014_IOM_HAP_XX.wav,Cauasian,HAPPY,2.102125
1014_IOM_FEA_XX.wav,Cauasian,FEAR,2.93625
1022_MTI_FEA_XX.wav,Cauasian,FEAR,3.036375
1022_MTI_ANG_XX.wav,Cauasian,ANGER,3.1698125
1022_IWW_FEA_XX.wav,Cauasian,FEAR,1.901875
1022_IWL_SAD_XX.wav,Cauasian,SAD,2.56925
1022_IWW_DIS_XX.wav,Cauasian,DISGUST,2.402375
1022_IWW_HAP_XX.wav,Cauasian,HAPPY,2.002
1022_MTI_DIS_XX.wav,Cauasian,DISGUST,3.1698125
1022_IWW_SAD_XX.wav,Cauasian,SAD,2.2689375
1022_IWL_DIS_XX.wav,Cauasian,DISGUST,2.56925
1022_IWW_NEU_XX.wav,Cauasian,NEUTRAL,1.93525
1022_IWW_ANG_XX.wav,Cauasian,ANGER,2.469125
1022_IWL_HAP_XX.wav,Cauasian,HAPPY,2.8028125
1022_IWL_NEU_XX.wav,Cauasian,NEUTRAL,2.6359375
1022_IEO_HAP_MD.wav,Cauasian,HAPPY,1.968625
1022_IOM_FEA_XX.wav,Cauasian,FEAR,2.6693125
1022_IOM_HAP_XX.wav,Cauasian,HAPPY,2.43575
1022_IEO_SAD_LO.wav,Cauasian,SAD,1.8685
1022_IEO_NEU_XX.wav,Cauasian,NEUTRAL,1.7016875
1022_IOM_DIS_XX.wav,Cauasian,DISGUST,2.6359375
1022_IEO_SAD_HI.wav,Cauasian,SAD,2.2755625
1022_IEO_SAD_MD.wav,Cauasian,SAD,2.6693125
1022_IOM_ANG_XX.wav,Cauasian,ANGER,2.8028125
1022_IEO_HAP_LO.wav,Cauasian,HAPPY,1.968625
1022_IOM_NEU_XX.wav,Cauasian,NEUTRAL,2.2689375
1022_ITH_ANG_XX.wav,Cauasian,ANGER,3.2365625
1022_IOM_SAD_XX.wav,Cauasian,SAD,2.469125
1022_ITH_DIS_XX.wav,Cauasian,DISGUST,2.7360625
1022_ITS_FEA_XX.wav,Cauasian,FEAR,2.43575
1022_ITH_SAD_XX.wav,Cauasian,SAD,2.93625
1022_ITH_HAP_XX.wav,Cauasian,HAPPY,2.8695625
1022_ITS_HAP_XX.wav,Cauasian,HAPPY,2.3356875
1022_ITS_SAD_XX.wav,Cauasian,SAD,2.3023125
1022_ITS_NEU_XX.wav,Cauasian,NEUTRAL,2.6359375
1022_ITS_ANG_XX.wav,Cauasian,ANGER,2.43575
1022_ITS_DIS_XX.wav,Cauasian,DISGUST,2.602625
1022_ITH_NEU_XX.wav,Cauasian,NEUTRAL,2.902875
1022_ITH_FEA_XX.wav,Cauasian,FEAR,2.2826875
1022_IWL_ANG_XX.wav,Cauasian,ANGER,2.602625
1022_IWL_FEA_XX.wav,Cauasian,FEAR,2.602625
1022_IEO_HAP_HI.wav,Cauasian,HAPPY,1.8351875
1022_IEO_FEA_MD.wav,Cauasian,FEAR,2.2021875
1022_IEO_DIS_LO.wav,Cauasian,DISGUST,2.1354375
1022_IEO_DIS_HI.wav,Cauasian,DISGUST,2.102125
1022_DFA_SAD_XX.wav,Cauasian,SAD,2.3690625
1022_IEO_DIS_MD.wav,Cauasian,DISGUST,2.3356875
1022_IEO_FEA_LO.wav,Cauasian,FEAR,1.901875
1022_IEO_FEA_HI.wav,Cauasian,FEAR,2.3023125
1022_IEO_ANG_LO.wav,Cauasian,ANGER,1.8018125
1022_IEO_ANG_MD.wav,Cauasian,ANGER,2.5025
1022_IEO_ANG_HI.wav,Cauasian,ANGER,3.1364375
1022_DFA_FEA_XX.wav,Cauasian,FEAR,2.3690625
1022_DFA_NEU_XX.wav,Cauasian,NEUTRAL,2.2826875
1022_DFA_HAP_XX.wav,Cauasian,HAPPY,2.469125
1014_WSI_FEA_XX.wav,Cauasian,FEAR,2.602625
1014_WSI_HAP_XX.wav,Cauasian,HAPPY,2.1688125
1014_WSI_DIS_XX.wav,Cauasian,DISGUST,2.402375
1014_TSI_HAP_XX.wav,Cauasian,HAPPY,2.5025
1022_DFA_DIS_XX.wav,Cauasian,DISGUST,2.602625
1014_WSI_SAD_XX.wav,Cauasian,SAD,2.2689375
1014_TSI_NEU_XX.wav,Cauasian,NEUTRAL,2.535875
1014_WSI_ANG_XX.wav,Cauasian,ANGER,3.036375
1022_DFA_ANG_XX.wav,Cauasian,ANGER,2.93625
1014_WSI_NEU_XX.wav,Cauasian,NEUTRAL,2.3356875
1014_TSI_SAD_XX.wav,Cauasian,SAD,2.43575
1014_TSI_ANG_XX.wav,Cauasian,ANGER,2.969625
1014_TSI_FEA_XX.wav,Cauasian,FEAR,2.56925
1014_TIE_SAD_XX.wav,Cauasian,SAD,3.103125
1014_TIE_FEA_XX.wav,Cauasian,FEAR,2.93625
1014_TIE_DIS_XX.wav,Cauasian,DISGUST,3.2031875
1014_TIE_ANG_XX.wav,Cauasian,ANGER,3.2365625
1014_TIE_HAP_XX.wav,Cauasian,HAPPY,2.902875
1014_TSI_DIS_XX.wav,Cauasian,DISGUST,2.8695
1014_TAI_SAD_XX.wav,Cauasian,SAD,2.2355625
1014_TAI_NEU_XX.wav,Cauasian,NEUTRAL,2.7694375
1014_TIE_NEU_XX.wav,Cauasian,NEUTRAL,2.402375
1014_TAI_HAP_XX.wav,Cauasian,HAPPY,2.602625
1014_TAI_FEA_XX.wav,Cauasian,FEAR,2.402375
1014_TAI_DIS_XX.wav,Cauasian,DISGUST,3.1364375
1014_TAI_ANG_XX.wav,Cauasian,ANGER,3.003
1014_MTI_FEA_XX.wav,Cauasian,FEAR,3.103125
1014_MTI_DIS_XX.wav,Cauasian,DISGUST,2.535875
1014_MTI_ANG_XX.wav,Cauasian,ANGER,3.403375
1014_IWW_NEU_XX.wav,Cauasian,NEUTRAL,2.535875
1014_MTI_NEU_XX.wav,Cauasian,NEUTRAL,3.103125
1014_IWW_SAD_XX.wav,Cauasian,SAD,2.5025
1014_IWW_FEA_XX.wav,Cauasian,FEAR,2.2021875
1014_MTI_SAD_XX.wav,Cauasian,SAD,2.3023125
1014_MTI_HAP_XX.wav,Cauasian,HAPPY,2.3023125
1014_IWW_HAP_XX.wav,Cauasian,HAPPY,2.1688125
1014_IWW_DIS_XX.wav,Cauasian,DISGUST,2.93625
1014_IWL_NEU_XX.wav,Cauasian,NEUTRAL,2.8695
1014_IWL_DIS_XX.wav,Cauasian,DISGUST,3.93725
1014_IWL_ANG_XX.wav,Cauasian,ANGER,3.8371875
1014_ITS_SAD_XX.wav,Cauasian,SAD,2.535875
1014_IWL_FEA_XX.wav,Cauasian,FEAR,2.56925
1014_IWW_ANG_XX.wav,Cauasian,ANGER,2.7026875
1014_IWL_SAD_XX.wav,Cauasian,SAD,3.43675
1014_ITS_HAP_XX.wav,Cauasian,HAPPY,2.2689375
1014_ITS_FEA_XX.wav,Cauasian,FEAR,2.56925
1014_IWL_HAP_XX.wav,Cauasian,HAPPY,3.2699375
1014_ITS_DIS_XX.wav,Cauasian,DISGUST,3.403375
1014_ITS_NEU_XX.wav,Cauasian,NEUTRAL,2.7694375
1023_MTI_SAD_XX.wav,Cauasian,SAD,2.1354375
1023_IWW_NEU_XX.wav,Cauasian,NEUTRAL,1.7684375
1023_IWW_FEA_XX.wav,Cauasian,FEAR,1.8018125
1023_IWW_HAP_XX.wav,Cauasian,HAPPY,1.7684375
1023_IWL_DIS_XX.wav,Cauasian,DISGUST,2.6359375
1023_ITS_SAD_XX.wav,Cauasian,SAD,2.3356875
1023_IWL_NEU_XX.wav,Cauasian,NEUTRAL,2.402375
1023_IWL_FEA_XX.wav,Cauasian,FEAR,2.369
1023_IWW_DIS_XX.wav,Cauasian,DISGUST,1.8351875
1023_IWL_ANG_XX.wav,Cauasian,ANGER,2.93625
1023_IWL_SAD_XX.wav,Cauasian,SAD,2.002
1023_IWW_ANG_XX.wav,Cauasian,ANGER,1.8018125
1023_ITS_NEU_XX.wav,Cauasian,NEUTRAL,2.43575
1023_IWL_HAP_XX.wav,Cauasian,HAPPY,1.968625
1023_ITS_HAP_XX.wav,Cauasian,HAPPY,1.93525
1023_ITS_FEA_XX.wav,Cauasian,FEAR,2.2755625
1023_ITH_DIS_XX.wav,Cauasian,DISGUST,2.369
1023_ITH_HAP_XX.wav,Cauasian,HAPPY,2.1354375
1023_ITH_ANG_XX.wav,Cauasian,ANGER,2.7026875
1023_IOM_NEU_XX.wav,Cauasian,NEUTRAL,2.3023125
1023_ITH_SAD_XX.wav,Cauasian,SAD,2.06875
1023_ITS_DIS_XX.wav,Cauasian,DISGUST,2.469125
1023_ITS_ANG_XX.wav,Cauasian,ANGER,2.8028125
1023_IOM_SAD_XX.wav,Cauasian,SAD,2.102125
1023_IOM_HAP_XX.wav,Cauasian,HAPPY,2.3023125
1023_ITH_NEU_XX.wav,Cauasian,NEUTRAL,2.5025
1023_ITH_FEA_XX.wav,Cauasian,FEAR,1.8351875
1023_IOM_FEA_XX.wav,Cauasian,FEAR,2.2755625
1023_IOM_DIS_XX.wav,Cauasian,DISGUST,2.2755625
1023_IOM_ANG_XX.wav,Cauasian,ANGER,2.2689375
1023_IEO_NEU_XX.wav,Cauasian,NEUTRAL,1.968625
1023_IEO_FEA_MD.wav,Cauasian,FEAR,2.1354375
1023_IEO_FEA_HI.wav,Cauasian,FEAR,2.1688125
1023_IEO_HAP_MD.wav,Cauasian,HAPPY,1.601625
1023_IEO_SAD_HI.wav,Cauasian,SAD,3.036375
1023_IEO_SAD_MD.wav,Cauasian,SAD,2.3023125
1023_IEO_HAP_LO.wav,Cauasian,HAPPY,1.601625
1023_IEO_HAP_HI.wav,Cauasian,HAPPY,1.7016875
1023_IEO_SAD_LO.wav,Cauasian,SAD,1.7684375
1023_IEO_FEA_LO.wav,Cauasian,FEAR,1.401375
1023_IEO_DIS_MD.wav,Cauasian,DISGUST,1.534875
1023_DFA_FEA_XX.wav,Cauasian,FEAR,2.002
1023_DFA_SAD_XX.wav,Cauasian,SAD,1.8018125
1023_IEO_ANG_MD.wav,Cauasian,ANGER,1.8685
1023_IEO_DIS_LO.wav,Cauasian,DISGUST,1.6349375
1023_DFA_HAP_XX.wav,Cauasian,HAPPY,1.8685
1023_DFA_ANG_XX.wav,Cauasian,ANGER,2.469125
1023_DFA_NEU_XX.wav,Cauasian,NEUTRAL,2.102125
1023_IEO_ANG_HI.wav,Cauasian,ANGER,2.035375
1023_IEO_DIS_HI.wav,Cauasian,DISGUST,2.56925
1023_IEO_ANG_LO.wav,Cauasian,ANGER,1.7350625
1022_WSI_NEU_XX.wav,Cauasian,NEUTRAL,3.003
1023_DFA_DIS_XX.wav,Cauasian,DISGUST,1.534875
1022_MTI_HAP_XX.wav,Cauasian,HAPPY,2.6359375
1022_TAI_NEU_XX.wav,Cauasian,NEUTRAL,2.3356875
1022_TIE_ANG_XX.wav,Cauasian,ANGER,3.93725
1022_MTI_SAD_XX.wav,Cauasian,SAD,2.8695625
1022_MTI_NEU_XX.wav,Cauasian,NEUTRAL,2.6693125
1022_TAI_SAD_XX.wav,Cauasian,SAD,2.7360625
1022_TAI_DIS_XX.wav,Cauasian,DISGUST,3.103125
1022_TAI_ANG_XX.wav,Cauasian,ANGER,3.3700625
1022_TAI_HAP_XX.wav,Cauasian,HAPPY,2.6359375
1022_TAI_FEA_XX.wav,Cauasian,FEAR,2.8028125
1022_TIE_DIS_XX.wav,Cauasian,DISGUST,4.1708125
1022_TIE_FEA_XX.wav,Cauasian,FEAR,3.43675
1022_TIE_HAP_XX.wav,Cauasian,HAPPY,3.43675
1022_TSI_DIS_XX.wav,Cauasian,DISGUST,2.002
1022_TSI_SAD_XX.wav,Cauasian,SAD,2.535875
1022_TSI_ANG_XX.wav,Cauasian,ANGER,2.6693125
1022_TSI_FEA_XX.wav,Cauasian,FEAR,1.968625
1022_WSI_ANG_XX.wav,Cauasian,ANGER,2.2355625
1022_WSI_FEA_XX.wav,Cauasian,FEAR,2.7026875
1022_WSI_DIS_XX.wav,Cauasian,DISGUST,2.8361875
1022_TIE_NEU_XX.wav,Cauasian,NEUTRAL,3.003
1022_TSI_NEU_XX.wav,Cauasian,NEUTRAL,2.1688125
1022_TSI_HAP_XX.wav,Cauasian,HAPPY,2.2755625
1022_TIE_SAD_XX.wav,Cauasian,SAD,4.2375625
1022_WSI_HAP_XX.wav,Cauasian,HAPPY,2.8028125
1022_WSI_SAD_XX.wav,Cauasian,SAD,3.2365625
1026_IWL_DIS_XX.wav,Cauasian,DISGUST,1.968625
1026_IWL_ANG_XX.wav,Cauasian,ANGER,2.7026875
1026_ITH_SAD_XX.wav,Cauasian,SAD,3.06975
1026_ITS_DIS_XX.wav,Cauasian,DISGUST,2.602625
1026_ITH_NEU_XX.wav,Cauasian,NEUTRAL,2.602625
1026_ITS_HAP_XX.wav,Cauasian,HAPPY,1.8351875
1026_ITH_FEA_XX.wav,Cauasian,FEAR,2.3356875
1026_ITH_HAP_XX.wav,Cauasian,HAPPY,1.93525
1026_IOM_NEU_XX.wav,Cauasian,NEUTRAL,2.602625
1026_IOM_ANG_XX.wav,Cauasian,ANGER,2.102125
1026_IOM_HAP_XX.wav,Cauasian,HAPPY,2.1354375
1026_IOM_DIS_XX.wav,Cauasian,DISGUST,2.1688125
1026_IOM_SAD_XX.wav,Cauasian,SAD,2.902875
1026_ITH_DIS_XX.wav,Cauasian,DISGUST,2.2689375
1026_ITH_ANG_XX.wav,Cauasian,ANGER,2.402375
1026_IEO_SAD_MD.wav,Cauasian,SAD,2.3356875
1026_IEO_SAD_LO.wav,Cauasian,SAD,2.2021875
1026_IEO_HAP_MD.wav,Cauasian,HAPPY,1.6349375
1026_IOM_FEA_XX.wav,Cauasian,FEAR,1.93525
1026_IEO_SAD_HI.wav,Cauasian,SAD,3.1698125
1026_IEO_NEU_XX.wav,Cauasian,NEUTRAL,2.035375
1026_IEO_DIS_MD.wav,Cauasian,DISGUST,1.43475
1026_IEO_FEA_LO.wav,Cauasian,FEAR,2.3356875
1026_IEO_ANG_MD.wav,Cauasian,ANGER,2.2689375
1026_IEO_FEA_HI.wav,Cauasian,FEAR,2.1688125
1026_IEO_FEA_MD.wav,Cauasian,FEAR,1.901875
1026_IEO_DIS_LO.wav,Cauasian,DISGUST,1.901875
1026_IEO_DIS_HI.wav,Cauasian,DISGUST,1.8351875
1026_IEO_HAP_LO.wav,Cauasian,HAPPY,2.002
1026_IEO_HAP_HI.wav,Cauasian,HAPPY,1.8351875
1026_IEO_ANG_HI.wav,Cauasian,ANGER,2.56925
1026_IEO_ANG_LO.wav,Cauasian,ANGER,1.968625
1026_DFA_NEU_XX.wav,Cauasian,NEUTRAL,1.8018125
1023_WSI_SAD_XX.wav,Cauasian,SAD,2.06875
1023_WSI_NEU_XX.wav,Cauasian,NEUTRAL,2.1354375
1026_DFA_ANG_XX.wav,Cauasian,ANGER,2.06875
1026_DFA_DIS_XX.wav,Cauasian,DISGUST,2.1354375
1026_DFA_SAD_XX.wav,Cauasian,SAD,1.6683125
1026_DFA_HAP_XX.wav,Cauasian,HAPPY,1.8685
1023_WSI_FEA_XX.wav,Cauasian,FEAR,2.102125
1026_DFA_FEA_XX.wav,Cauasian,FEAR,2.035375
1023_WSI_ANG_XX.wav,Cauasian,ANGER,2.7026875
1023_WSI_HAP_XX.wav,Cauasian,HAPPY,1.93525
1023_WSI_DIS_XX.wav,Cauasian,DISGUST,2.56925
1023_TSI_SAD_XX.wav,Cauasian,SAD,2.102125
1023_TSI_ANG_XX.wav,Cauasian,ANGER,2.6693125
1023_TIE_HAP_XX.wav,Cauasian,HAPPY,2.3356875
1023_TIE_NEU_XX.wav,Cauasian,NEUTRAL,2.7026875
1023_TSI_NEU_XX.wav,Cauasian,NEUTRAL,2.2689375
1023_TSI_FEA_XX.wav,Cauasian,FEAR,1.93525
1023_TIE_SAD_XX.wav,Cauasian,SAD,3.003
1023_TIE_FEA_XX.wav,Cauasian,FEAR,3.1364375
1023_TIE_DIS_XX.wav,Cauasian,DISGUST,2.902875
1023_TSI_HAP_XX.wav,Cauasian,HAPPY,1.8685
1023_TSI_DIS_XX.wav,Cauasian,DISGUST,2.035375
1023_TIE_ANG_XX.wav,Cauasian,ANGER,2.602625
1023_TAI_HAP_XX.wav,Cauasian,HAPPY,1.6683125
1023_TAI_SAD_XX.wav,Cauasian,SAD,1.8018125
1023_TAI_NEU_XX.wav,Cauasian,NEUTRAL,2.06875
1023_MTI_ANG_XX.wav,Cauasian,ANGER,2.469125
1023_IWW_SAD_XX.wav,Cauasian,SAD,2.402375
1023_MTI_DIS_XX.wav,Cauasian,DISGUST,2.2755625
1023_MTI_NEU_XX.wav,Cauasian,NEUTRAL,2.3356875
1023_TAI_FEA_XX.wav,Cauasian,FEAR,1.93525
1023_TAI_DIS_XX.wav,Cauasian,DISGUST,2.56925
1023_MTI_HAP_XX.wav,Cauasian,HAPPY,2.002
1023_MTI_FEA_XX.wav,Cauasian,FEAR,2.035375
1023_TAI_ANG_XX.wav,Cauasian,ANGER,2.602625
1026_WSI_SAD_XX.wav,Cauasian,SAD,2.2755625
1026_WSI_HAP_XX.wav,Cauasian,HAPPY,2.43575
1026_TSI_SAD_XX.wav,Cauasian,SAD,2.002
1026_WSI_DIS_XX.wav,Cauasian,DISGUST,2.369
1026_TSI_HAP_XX.wav,Cauasian,HAPPY,2.1688125
1026_TSI_ANG_XX.wav,Cauasian,ANGER,2.2689375
1026_WSI_ANG_XX.wav,Cauasian,ANGER,3.2031875
1026_WSI_FEA_XX.wav,Cauasian,FEAR,1.8018125
1026_TIE_NEU_XX.wav,Cauasian,NEUTRAL,3.103125
1026_TIE_SAD_XX.wav,Cauasian,SAD,4.3710625
1026_TSI_NEU_XX.wav,Cauasian,NEUTRAL,2.6693125
1026_TSI_DIS_XX.wav,Cauasian,DISGUST,2.3023125
1026_WSI_NEU_XX.wav,Cauasian,NEUTRAL,2.2755625
1026_TSI_FEA_XX.wav,Cauasian,FEAR,1.7016875
1026_TIE_HAP_XX.wav,Cauasian,HAPPY,3.6369375
1026_TIE_FEA_XX.wav,Cauasian,FEAR,2.5025
1026_TAI_SAD_XX.wav,Cauasian,SAD,3.2365625
1026_TAI_NEU_XX.wav,Cauasian,NEUTRAL,2.56925
1026_TAI_HAP_XX.wav,Cauasian,HAPPY,2.6359375
1026_TAI_ANG_XX.wav,Cauasian,ANGER,2.902875
1026_TIE_DIS_XX.wav,Cauasian,DISGUST,3.1364375
1026_TIE_ANG_XX.wav,Cauasian,ANGER,3.536875
1026_TAI_FEA_XX.wav,Cauasian,FEAR,2.2021875
1026_TAI_DIS_XX.wav,Cauasian,DISGUST,2.602625
1026_MTI_HAP_XX.wav,Cauasian,HAPPY,2.7026875
1026_MTI_SAD_XX.wav,Cauasian,SAD,2.369
1026_MTI_NEU_XX.wav,Cauasian,NEUTRAL,2.7026875
1026_MTI_FEA_XX.wav,Cauasian,FEAR,2.102125
1026_IWL_NEU_XX.wav,Cauasian,NEUTRAL,2.56925
1026_IWL_SAD_XX.wav,Cauasian,SAD,2.56925
1026_IWW_ANG_XX.wav,Cauasian,ANGER,2.06875
1026_IWW_DIS_XX.wav,Cauasian,DISGUST,2.7694375
1026_MTI_DIS_XX.wav,Cauasian,DISGUST,2.93625
1026_MTI_ANG_XX.wav,Cauasian,ANGER,2.6359375
1026_IWW_HAP_XX.wav,Cauasian,HAPPY,1.8685
1026_IWW_NEU_XX.wav,Cauasian,NEUTRAL,2.035375
1026_IWW_SAD_XX.wav,Cauasian,SAD,2.1688125
1026_IWW_FEA_XX.wav,Cauasian,FEAR,2.002
1026_IWL_HAP_XX.wav,Cauasian,HAPPY,1.8685
1026_IWL_FEA_XX.wav,Cauasian,FEAR,2.2021875
1026_ITS_ANG_XX.wav,Cauasian,ANGER,2.3023125
1026_ITS_SAD_XX.wav,Cauasian,SAD,2.1688125
1026_ITS_NEU_XX.wav,Cauasian,NEUTRAL,3.003
1026_ITS_FEA_XX.wav,Cauasian,FEAR,2.369
1011_MTI_SAD_XX.wav,Cauasian,SAD,2.402375
1003_IEO_FEA_LO.wav,Cauasian,FEAR,2.56925
1003_ITS_HAP_XX.wav,Cauasian,HAPPY,3.7370625
1002_WSI_DIS_XX.wav,Cauasian,DISGUST,3.43675
1011_ITS_SAD_XX.wav,Cauasian,SAD,2.7360625
1002_WSI_NEU_XX.wav,Cauasian,NEUTRAL,2.43575
1011_TIE_HAP_XX.wav,Cauasian,HAPPY,2.469125
1002_TSI_DIS_XX.wav,Cauasian,DISGUST,2.7694375
1002_IOM_SAD_XX.wav,Cauasian,SAD,2.6693125
1003_IEO_SAD_MD.wav,Cauasian,SAD,2.6693125
1011_IEO_DIS_LO.wav,Cauasian,DISGUST,2.7694375
1003_TIE_FEA_XX.wav,Cauasian,FEAR,2.902875
1011_WSI_SAD_XX.wav,Cauasian,SAD,2.602625
1002_MTI_FEA_XX.wav,Cauasian,FEAR,2.93625
1002_TIE_DIS_XX.wav,Cauasian,DISGUST,3.603625
1011_TAI_ANG_XX.wav,Cauasian,ANGER,2.602625
1003_ITH_HAP_XX.wav,Cauasian,HAPPY,3.1364375
1002_TAI_SAD_XX.wav,Cauasian,SAD,2.7694375
1011_IOM_NEU_XX.wav,Cauasian,NEUTRAL,2.1354375
1011_ITS_ANG_XX.wav,Cauasian,ANGER,2.7026875
1003_TIE_SAD_XX.wav,Cauasian,SAD,4.3710625
1011_IWW_HAP_XX.wav,Cauasian,HAPPY,2.1354375
1002_IEO_HAP_HI.wav,Cauasian,HAPPY,2.5025
1002_MTI_DIS_XX.wav,Cauasian,DISGUST,3.6369375
1014_IEO_HAP_HI.wav,Cauasian,HAPPY,2.3023125
1003_IEO_HAP_HI.wav,Cauasian,HAPPY,2.2021875
1003_TAI_HAP_XX.wav,Cauasian,HAPPY,3.1364375
1011_IEO_SAD_LO.wav,Cauasian,SAD,2.43575
1003_IWW_NEU_XX.wav,Cauasian,NEUTRAL,2.902875
1011_IWW_FEA_XX.wav,Cauasian,FEAR,2.3356875
1011_TAI_FEA_XX.wav,Cauasian,FEAR,2.6359375
1003_ITS_FEA_XX.wav,Cauasian,FEAR,3.1364375
1003_ITS_DIS_XX.wav,Cauasian,DISGUST,3.7036875
1014_DFA_DIS_XX.wav,Cauasian,DISGUST,2.06875
1003_IOM_FEA_XX.wav,Cauasian,FEAR,2.6693125
1011_WSI_ANG_XX.wav,Cauasian,ANGER,3.470125
1011_ITH_SAD_XX.wav,Cauasian,SAD,2.3023125
1003_TSI_SAD_XX.wav,Cauasian,SAD,2.969625
1011_IEO_DIS_HI.wav,Cauasian,DISGUST,2.7694375
1011_IWL_DIS_XX.wav,Cauasian,DISGUST,2.2689375
1011_TIE_NEU_XX.wav,Cauasian,NEUTRAL,2.2755625
1011_IOM_HAP_XX.wav,Cauasian,HAPPY,2.43575
1011_IEO_ANG_HI.wav,Cauasian,ANGER,3.43675
1014_IEO_ANG_HI.wav,Cauasian,ANGER,2.7694375
1003_ITH_ANG_XX.wav,Cauasian,ANGER,3.6703125
1011_IWL_SAD_XX.wav,Cauasian,SAD,2.8695
1002_MTI_HAP_XX.wav,Cauasian,HAPPY,2.6693125
1011_IWL_HAP_XX.wav,Cauasian,HAPPY,2.2755625
1003_TSI_HAP_XX.wav,Cauasian,HAPPY,3.37
1003_IWL_DIS_XX.wav,Cauasian,DISGUST,4.404375
1003_ITH_DIS_XX.wav,Cauasian,DISGUST,4.037375
1011_IEO_DIS_MD.wav,Cauasian,DISGUST,2.8361875
1011_IEO_HAP_MD.wav,Cauasian,HAPPY,2.1688125
1014_DFA_FEA_XX.wav,Cauasian,FEAR,2.7360625
1011_IEO_NEU_XX.wav,Cauasian,NEUTRAL,1.7350625
1003_IEO_FEA_MD.wav,Cauasian,FEAR,2.5025
1002_IOM_HAP_XX.wav,Cauasian,HAPPY,2.3356875
1002_IOM_FEA_XX.wav,Cauasian,FEAR,2.602625
1003_MTI_ANG_XX.wav,Cauasian,ANGER,2.2355625
1002_IEO_DIS_HI.wav,Cauasian,DISGUST,3.003
1014_IEO_HAP_MD.wav,Cauasian,HAPPY,2.1688125
1002_WSI_HAP_XX.wav,Cauasian,HAPPY,2.7694375
1014_IEO_FEA_MD.wav,Cauasian,FEAR,2.7026875
1011_MTI_DIS_XX.wav,Cauasian,DISGUST,2.8361875
1002_DFA_SAD_XX.wav,Cauasian,SAD,2.369
1014_IOM_ANG_XX.wav,Cauasian,ANGER,3.2699375
1014_IEO_SAD_MD.wav,Cauasian,SAD,1.8685
1003_IEO_FEA_HI.wav,Cauasian,FEAR,2.7694375
1011_IWL_NEU_XX.wav,Cauasian,NEUTRAL,2.43575
1011_DFA_SAD_XX.wav,Cauasian,SAD,2.5025
1003_DFA_DIS_XX.wav,Cauasian,DISGUST,3.2365625
1002_IOM_DIS_XX.wav,Cauasian,DISGUST,2.7694375
1011_IWW_NEU_XX.wav,Cauasian,NEUTRAL,2.7694375
1002_ITS_SAD_XX.wav,Cauasian,SAD,2.6359375
1002_IWW_SAD_XX.wav,Cauasian,SAD,2.369
1011_IWW_ANG_XX.wav,Cauasian,ANGER,2.6359375
1003_ITS_NEU_XX.wav,Cauasian,NEUTRAL,3.7370625
1003_TSI_ANG_XX.wav,Cauasian,ANGER,3.970625
1002_IEO_NEU_XX.wav,Cauasian,NEUTRAL,2.56925
1014_DFA_ANG_XX.wav,Cauasian,ANGER,2.369
1002_WSI_ANG_XX.wav,Cauasian,ANGER,2.602625
1003_WSI_HAP_XX.wav,Cauasian,HAPPY,3.1698125
1003_IEO_DIS_HI.wav,Cauasian,DISGUST,3.1698125
1002_IOM_NEU_XX.wav,Cauasian,NEUTRAL,2.3356875
1011_TAI_HAP_XX.wav,Cauasian,HAPPY,2.2021875
1011_IEO_ANG_MD.wav,Cauasian,ANGER,2.5025
1014_IEO_DIS_HI.wav,Cauasian,DISGUST,2.969625
1003_IEO_ANG_MD.wav,Cauasian,ANGER,2.56925
1003_IWL_HAP_XX.wav,Cauasian,HAPPY,3.903875
1003_DFA_FEA_XX.wav,Cauasian,FEAR,3.06975
1002_ITS_NEU_XX.wav,Cauasian,NEUTRAL,2.3356875
1011_IEO_ANG_LO.wav,Cauasian,ANGER,3.036375
1011_DFA_ANG_XX.wav,Cauasian,ANGER,2.969625
1011_IWL_FEA_XX.wav,Cauasian,FEAR,2.43575
1002_TAI_FEA_XX.wav,Cauasian,FEAR,2.7694375
1003_MTI_SAD_XX.wav,Cauasian,SAD,3.7704375
1011_ITH_NEU_XX.wav,Cauasian,NEUTRAL,2.8361875
1011_IEO_HAP_HI.wav,Cauasian,HAPPY,2.535875
1002_TSI_FEA_XX.wav,Cauasian,FEAR,2.3356875
1003_ITH_NEU_XX.wav,Cauasian,NEUTRAL,4.037375
1002_IWL_HAP_XX.wav,Cauasian,HAPPY,2.8695
1003_MTI_DIS_XX.wav,Cauasian,DISGUST,4.2375625
1011_ITS_DIS_XX.wav,Cauasian,DISGUST,3.1698125
1002_IEO_SAD_MD.wav,Cauasian,SAD,2.3690625
1002_TSI_ANG_XX.wav,Cauasian,ANGER,2.43575
1011_ITH_ANG_XX.wav,Cauasian,ANGER,3.003
1011_MTI_ANG_XX.wav,Cauasian,ANGER,2.902875
1002_ITS_ANG_XX.wav,Cauasian,ANGER,2.7026875
1011_WSI_FEA_XX.wav,Cauasian,FEAR,2.2689375
1011_IOM_SAD_XX.wav,Cauasian,SAD,2.535875
1011_TIE_SAD_XX.wav,Cauasian,SAD,3.7704375
1003_DFA_SAD_XX.wav,Cauasian,SAD,3.2031875
1002_MTI_NEU_XX.wav,Cauasian,NEUTRAL,2.8695
1003_MTI_HAP_XX.wav,Cauasian,HAPPY,3.3033125
1002_DFA_NEU_XX.wav,Cauasian,NEUTRAL,2.5025
1011_DFA_FEA_XX.wav,Cauasian,FEAR,2.035375
1002_ITS_FEA_XX.wav,Cauasian,FEAR,2.469125
1014_IEO_ANG_MD.wav,Cauasian,ANGER,2.8361875
1014_IEO_FEA_LO.wav,Cauasian,FEAR,1.901875
1002_IWW_HAP_XX.wav,Cauasian,HAPPY,2.469125
1002_MTI_ANG_XX.wav,Cauasian,ANGER,2.7360625
1003_WSI_ANG_XX.wav,Cauasian,ANGER,3.536875
1011_IWW_DIS_XX.wav,Cauasian,DISGUST,3.103125
1003_DFA_NEU_XX.wav,Cauasian,NEUTRAL,3.2365625
1003_MTI_FEA_XX.wav,Cauasian,FEAR,3.2031875
1011_TSI_NEU_XX.wav,Cauasian,NEUTRAL,2.469125
1003_IEO_NEU_XX.wav,Cauasian,NEUTRAL,2.2689375
1003_TIE_HAP_XX.wav,Cauasian,HAPPY,3.2699375
1011_IOM_DIS_XX.wav,Cauasian,DISGUST,2.8361875
1014_IEO_NEU_XX.wav,Cauasian,NEUTRAL,1.968625
1002_MTI_SAD_XX.wav,Cauasian,SAD,2.7026875
1002_IOM_ANG_XX.wav,Cauasian,ANGER,2.8361875
1011_TIE_DIS_XX.wav,Cauasian,DISGUST,4.3710625
1003_IEO_ANG_LO.wav,Cauasian,ANGER,2.2755625
1002_ITS_DIS_XX.wav,Cauasian,DISGUST,2.8361875
1002_IWW_ANG_XX.wav,Cauasian,ANGER,2.402375
1002_ITS_HAP_XX.wav,Cauasian,HAPPY,2.43575
1003_IEO_ANG_HI.wav,Cauasian,ANGER,2.56925
1002_IWW_NEU_XX.wav,Cauasian,NEUTRAL,2.5025
1014_DFA_NEU_XX.wav,Cauasian,NEUTRAL,2.5025
1011_IOM_FEA_XX.wav,Cauasian,FEAR,2.7360625
1003_IWW_FEA_XX.wav,Cauasian,FEAR,2.2355625
1011_IEO_SAD_HI.wav,Cauasian,SAD,3.2699375
1011_TIE_ANG_XX.wav,Cauasian,ANGER,3.470125
1002_TIE_HAP_XX.wav,Cauasian,HAPPY,2.402375
1011_ITS_FEA_XX.wav,Cauasian,FEAR,2.5025
1002_IEO_HAP_LO.wav,Cauasian,HAPPY,2.8361875
1014_IEO_DIS_MD.wav,Cauasian,DISGUST,2.2689375
1002_IEO_FEA_LO.wav,Cauasian,FEAR,2.602625
1011_WSI_NEU_XX.wav,Cauasian,NEUTRAL,2.93625
1003_IWL_NEU_XX.wav,Cauasian,NEUTRAL,3.93725
1002_WSI_SAD_XX.wav,Cauasian,SAD,2.7360625
1002_TSI_HAP_XX.wav,Cauasian,HAPPY,2.035375
1002_IWL_NEU_XX.wav,Cauasian,NEUTRAL,2.6359375
1003_ITS_ANG_XX.wav,Cauasian,ANGER,3.7370625
1003_IOM_HAP_XX.wav,Cauasian,HAPPY,2.902875
1003_TSI_DIS_XX.wav,Cauasian,DISGUST,3.603625
1011_DFA_DIS_XX.wav,Cauasian,DISGUST,2.535875
1014_IEO_DIS_LO.wav,Cauasian,DISGUST,2.369
1011_ITS_NEU_XX.wav,Cauasian,NEUTRAL,2.43575
1011_ITH_DIS_XX.wav,Cauasian,DISGUST,2.8695
1003_DFA_ANG_XX.wav,Cauasian,ANGER,3.1364375
1011_TAI_NEU_XX.wav,Cauasian,NEUTRAL,2.7026875
1003_IOM_NEU_XX.wav,Cauasian,NEUTRAL,3.2031875
1011_TSI_ANG_XX.wav,Cauasian,ANGER,2.8361875
1011_IEO_FEA_HI.wav,Cauasian,FEAR,2.602625
1003_TSI_NEU_XX.wav,Cauasian,NEUTRAL,3.43675
1002_TAI_HAP_XX.wav,Cauasian,HAPPY,2.535875
1002_ITH_ANG_XX.wav,Cauasian,ANGER,2.93625
1014_IEO_HAP_LO.wav,Cauasian,HAPPY,1.6349375
1002_DFA_ANG_XX.wav,Cauasian,ANGER,2.56925
1002_IEO_ANG_MD.wav,Cauasian,ANGER,2.7694375
1003_TIE_ANG_XX.wav,Cauasian,ANGER,3.1698125
1011_DFA_HAP_XX.wav,Cauasian,HAPPY,2.035375
1003_IWW_DIS_XX.wav,Cauasian,DISGUST,3.103125
1002_TIE_SAD_XX.wav,Cauasian,SAD,3.1364375
1002_IEO_FEA_HI.wav,Cauasian,FEAR,3.2031875
1003_ITS_SAD_XX.wav,Cauasian,SAD,3.5035
1002_IEO_SAD_HI.wav,Cauasian,SAD,2.7360625
1003_WSI_SAD_XX.wav,Cauasian,SAD,3.37
1002_TAI_ANG_XX.wav,Cauasian,ANGER,2.5025
1003_IEO_HAP_MD.wav,Cauasian,HAPPY,2.3023125
1002_ITH_SAD_XX.wav,Cauasian,SAD,2.7360625
1002_IEO_ANG_LO.wav,Cauasian,ANGER,2.402375
1003_ITH_SAD_XX.wav,Cauasian,SAD,3.6369375
1011_IEO_SAD_MD.wav,Cauasian,SAD,2.3356875
1011_TSI_DIS_XX.wav,Cauasian,DISGUST,2.7026875
1011_IOM_ANG_XX.wav,Cauasian,ANGER,2.6359375
1003_IWL_SAD_XX.wav,Cauasian,SAD,3.7370625
1011_TSI_SAD_XX.wav,Cauasian,SAD,2.402375
1002_ITH_FEA_XX.wav,Cauasian,FEAR,3.5035
1003_DFA_HAP_XX.wav,Cauasian,HAPPY,3.2699375
1003_WSI_DIS_XX.wav,Cauasian,DISGUST,3.470125
1003_TIE_DIS_XX.wav,Cauasian,DISGUST,4.2709375
1003_IWW_ANG_XX.wav,Cauasian,ANGER,3.403375
1011_TSI_FEA_XX.wav,Cauasian,FEAR,2.602625
1002_TSI_SAD_XX.wav,Cauasian,SAD,2.402375
1011_IWL_ANG_XX.wav,Cauasian,ANGER,2.6359375
1002_IWW_DIS_XX.wav,Cauasian,DISGUST,3.103125
1011_TIE_FEA_XX.wav,Cauasian,FEAR,2.7694375
1002_DFA_FEA_XX.wav,Cauasian,FEAR,2.7360625
1003_IEO_DIS_MD.wav,Cauasian,DISGUST,2.06875
1003_IOM_SAD_XX.wav,Cauasian,SAD,2.8361875
1011_ITH_HAP_XX.wav,Cauasian,HAPPY,2.535875
1003_IEO_SAD_HI.wav,Cauasian,SAD,2.469125
1002_IEO_ANG_HI.wav,Cauasian,ANGER,2.7360625
1003_IWL_ANG_XX.wav,Cauasian,ANGER,3.536875
1003_WSI_NEU_XX.wav,Cauasian,NEUTRAL,3.43675
1003_IEO_DIS_LO.wav,Cauasian,DISGUST,2.002
1011_TSI_HAP_XX.wav,Cauasian,HAPPY,2.2021875
1002_IEO_FEA_MD.wav,Cauasian,FEAR,1.93525
1002_IWL_DIS_XX.wav,Cauasian,DISGUST,3.103125
1002_WSI_FEA_XX.wav,Cauasian,FEAR,2.5025
1014_IEO_SAD_LO.wav,Cauasian,SAD,1.968625
1014_IEO_FEA_HI.wav,Cauasian,FEAR,2.469125
1002_IEO_DIS_MD.wav,Cauasian,DISGUST,2.602625
1002_IEO_HAP_MD.wav,Cauasian,HAPPY,2.2689375
1011_IEO_FEA_MD.wav,Cauasian,FEAR,2.56925
1003_IEO_SAD_LO.wav,Cauasian,SAD,2.5025
1011_MTI_HAP_XX.wav,Cauasian,HAPPY,2.7694375
1003_ITH_FEA_XX.wav,Cauasian,FEAR,3.536875
1014_IEO_SAD_HI.wav,Cauasian,SAD,1.93525
1011_ITH_FEA_XX.wav,Cauasian,FEAR,2.3023125
1003_IEO_HAP_LO.wav,Cauasian,HAPPY,2.369
1003_TAI_FEA_XX.wav,Cauasian,FEAR,3.1364375
1002_TIE_FEA_XX.wav,Cauasian,FEAR,3.1364375
1002_TIE_ANG_XX.wav,Cauasian,ANGER,2.535875
1011_TAI_SAD_XX.wav,Cauasian,SAD,2.3356875
1011_IEO_FEA_LO.wav,Cauasian,FEAR,2.8028125
1002_IWW_FEA_XX.wav,Cauasian,FEAR,2.602625
1003_IOM_ANG_XX.wav,Cauasian,ANGER,2.7360625
1003_TIE_NEU_XX.wav,Cauasian,NEUTRAL,2.535875
1003_TAI_ANG_XX.wav,Cauasian,ANGER,2.8695
1002_IEO_DIS_LO.wav,Cauasian,DISGUST,2.8695625
1003_TAI_SAD_XX.wav,Cauasian,SAD,2.2355625
1011_TAI_DIS_XX.wav,Cauasian,DISGUST,2.8361875
1014_DFA_HAP_XX.wav,Cauasian,HAPPY,2.2689375
1003_MTI_NEU_XX.wav,Cauasian,NEUTRAL,3.7370625
1011_WSI_DIS_XX.wav,Cauasian,DISGUST,3.1364375
1002_ITH_DIS_XX.wav,Cauasian,DISGUST,3.8038125
1002_TSI_NEU_XX.wav,Cauasian,NEUTRAL,2.369
1003_WSI_FEA_XX.wav,Cauasian,FEAR,3.3033125
1003_TAI_NEU_XX.wav,Cauasian,NEUTRAL,3.6703125
1011_ITS_HAP_XX.wav,Cauasian,HAPPY,2.3356875
1003_IWW_HAP_XX.wav,Cauasian,HAPPY,3.5035
1002_ITH_HAP_XX.wav,Cauasian,HAPPY,2.7694375
1003_IWL_FEA_XX.wav,Cauasian,FEAR,3.6703125
1003_TSI_FEA_XX.wav,Cauasian,FEAR,3.2365625
1002_ITH_NEU_XX.wav,Cauasian,NEUTRAL,2.5025
1002_DFA_DIS_XX.wav,Cauasian,DISGUST,2.535875
1011_DFA_NEU_XX.wav,Cauasian,NEUTRAL,2.469125
1003_IOM_DIS_XX.wav,Cauasian,DISGUST,3.3033125
1003_IWW_SAD_XX.wav,Cauasian,SAD,2.7026875
1011_MTI_NEU_XX.wav,Cauasian,NEUTRAL,2.8361875
1002_TAI_NEU_XX.wav,Cauasian,NEUTRAL,2.6359375
1002_TAI_DIS_XX.wav,Cauasian,DISGUST,3.2031875
1011_IEO_HAP_LO.wav,Cauasian,HAPPY,2.102125
1011_MTI_FEA_XX.wav,Cauasian,FEAR,2.3356875
1002_IWL_ANG_XX.wav,Cauasian,ANGER,2.602625
1002_DFA_HAP_XX.wav,Cauasian,HAPPY,2.2021875
1002_IWL_FEA_XX.wav,Cauasian,FEAR,3.2365625
1002_IWL_SAD_XX.wav,Cauasian,SAD,2.7026875
1011_WSI_HAP_XX.wav,Cauasian,HAPPY,2.3356875
1002_IEO_SAD_LO.wav,Cauasian,SAD,2.2689375
1014_IEO_ANG_LO.wav,Cauasian,ANGER,2.2021875
1014_DFA_SAD_XX.wav,Cauasian,SAD,1.968625
1011_IWW_SAD_XX.wav,Cauasian,SAD,2.2755625
1003_TAI_DIS_XX.wav,Cauasian,DISGUST,3.2031875
1045_IOM_FEA_XX.wav,Asian,FEAR,2.002
1045_IOM_ANG_XX.wav,Asian,ANGER,2.469125
1045_IEO_HAP_MD.wav,Asian,HAPPY,2.102125
1045_IEO_SAD_HI.wav,Asian,SAD,2.6693125
1045_IEO_FEA_LO.wav,Asian,FEAR,2.3023125
1045_IEO_HAP_HI.wav,Asian,HAPPY,2.369
1045_IOM_DIS_XX.wav,Asian,DISGUST,2.3690625
1045_IEO_SAD_MD.wav,Asian,SAD,2.469125
1045_IEO_NEU_XX.wav,Asian,NEUTRAL,1.968625
1045_IEO_HAP_LO.wav,Asian,HAPPY,1.7350625
1045_IEO_SAD_LO.wav,Asian,SAD,1.7350625
1045_IEO_FEA_HI.wav,Asian,FEAR,2.102125
1045_IEO_FEA_MD.wav,Asian,FEAR,2.035375
1045_IEO_DIS_MD.wav,Asian,DISGUST,2.035375
1045_IEO_DIS_LO.wav,Asian,DISGUST,2.06875
1045_DFA_ANG_XX.wav,Asian,ANGER,2.535875
1045_DFA_SAD_XX.wav,Asian,SAD,2.402375
1045_DFA_NEU_XX.wav,Asian,NEUTRAL,2.2826875
1045_IEO_ANG_HI.wav,Asian,ANGER,2.602625
1045_IEO_ANG_LO.wav,Asian,ANGER,2.602625
1045_IEO_DIS_HI.wav,Asian,DISGUST,2.902875
1045_DFA_HAP_XX.wav,Asian,HAPPY,2.1354375
1045_DFA_FEA_XX.wav,Asian,FEAR,2.7026875
1045_IEO_ANG_MD.wav,Asian,ANGER,1.8351875
1045_DFA_DIS_XX.wav,Asian,DISGUST,2.7026875
1072_IEO_FEA_MD.wav,Asian,FEAR,1.93525
1072_IEO_HAP_MD.wav,Asian,HAPPY,2.102125
1072_IEO_ANG_MD.wav,Asian,ANGER,2.102125
1072_IEO_ANG_LO.wav,Asian,ANGER,1.8685625
1072_DFA_ANG_XX.wav,Asian,ANGER,3.06975
1045_WSI_SAD_XX.wav,Asian,SAD,2.6693125
1072_DFA_NEU_XX.wav,Asian,NEUTRAL,2.3690625
1072_DFA_FEA_XX.wav,Asian,FEAR,2.2021875
1072_IEO_ANG_HI.wav,Asian,ANGER,2.3023125
1072_DFA_DIS_XX.wav,Asian,DISGUST,2.8361875
1045_WSI_NEU_XX.wav,Asian,NEUTRAL,3.1364375
1072_DFA_SAD_XX.wav,Asian,SAD,2.1688125
1045_WSI_HAP_XX.wav,Asian,HAPPY,2.602625
1072_DFA_HAP_XX.wav,Asian,HAPPY,1.8351875
1045_WSI_FEA_XX.wav,Asian,FEAR,2.602625
1045_WSI_DIS_XX.wav,Asian,DISGUST,3.37
1045_TSI_FEA_XX.wav,Asian,FEAR,2.1688125
1045_TSI_ANG_XX.wav,Asian,ANGER,2.8695625
1045_TIE_SAD_XX.wav,Asian,SAD,3.2031875
1045_TSI_DIS_XX.wav,Asian,DISGUST,3.036375
1045_TSI_SAD_XX.wav,Asian,SAD,2.6359375
1045_WSI_ANG_XX.wav,Asian,ANGER,3.1698125
1045_TSI_NEU_XX.wav,Asian,NEUTRAL,2.8028125
1045_TIE_NEU_XX.wav,Asian,NEUTRAL,2.602625
1045_TIE_HAP_XX.wav,Asian,HAPPY,3.2365625
1045_TSI_HAP_XX.wav,Asian,HAPPY,2.402375
1045_TIE_FEA_XX.wav,Asian,FEAR,2.8361875
1045_TIE_ANG_XX.wav,Asian,ANGER,3.3033125
1045_TIE_DIS_XX.wav,Asian,DISGUST,3.7036875
1045_TAI_SAD_XX.wav,Asian,SAD,2.56925
1045_TAI_DIS_XX.wav,Asian,DISGUST,3.2365625
1045_MTI_NEU_XX.wav,Asian,NEUTRAL,2.7694375
1045_TAI_ANG_XX.wav,Asian,ANGER,3.2365625
1045_MTI_DIS_XX.wav,Asian,DISGUST,2.8695625
1045_TAI_NEU_XX.wav,Asian,NEUTRAL,2.7026875
1045_TAI_HAP_XX.wav,Asian,HAPPY,2.6359375
1045_MTI_SAD_XX.wav,Asian,SAD,2.469125
1045_MTI_HAP_XX.wav,Asian,HAPPY,2.6693125
1045_TAI_FEA_XX.wav,Asian,FEAR,2.8695625
1045_MTI_FEA_XX.wav,Asian,FEAR,2.902875
1045_MTI_ANG_XX.wav,Asian,ANGER,2.7694375
1045_IWW_NEU_XX.wav,Asian,NEUTRAL,2.3356875
1045_IWW_ANG_XX.wav,Asian,ANGER,2.6359375
1045_IWL_NEU_XX.wav,Asian,NEUTRAL,2.7360625
1045_IWL_DIS_XX.wav,Asian,DISGUST,3.1698125
1045_IWW_DIS_XX.wav,Asian,DISGUST,2.3690625
1045_IWW_SAD_XX.wav,Asian,SAD,2.3023125
1045_IWW_HAP_XX.wav,Asian,HAPPY,2.1354375
1045_IWL_SAD_XX.wav,Asian,SAD,2.902875
1045_IWL_HAP_XX.wav,Asian,HAPPY,2.1688125
1045_IWW_FEA_XX.wav,Asian,FEAR,2.5025
1045_ITS_SAD_XX.wav,Asian,SAD,2.3356875
1045_IWL_FEA_XX.wav,Asian,FEAR,2.3023125
1045_IWL_ANG_XX.wav,Asian,ANGER,2.969625
1045_ITS_NEU_XX.wav,Asian,NEUTRAL,2.6359375
1045_ITH_HAP_XX.wav,Asian,HAPPY,2.469125
1045_ITH_ANG_XX.wav,Asian,ANGER,2.6359375
1045_ITH_FEA_XX.wav,Asian,FEAR,2.6359375
1045_ITH_DIS_XX.wav,Asian,DISGUST,3.1698125
1045_ITS_DIS_XX.wav,Asian,DISGUST,3.103125
1045_ITS_HAP_XX.wav,Asian,HAPPY,2.369
1045_ITS_FEA_XX.wav,Asian,FEAR,2.602625
1045_IOM_SAD_XX.wav,Asian,SAD,2.2021875
1045_IOM_NEU_XX.wav,Asian,NEUTRAL,2.2826875
1045_ITS_ANG_XX.wav,Asian,ANGER,2.7694375
1045_ITH_SAD_XX.wav,Asian,SAD,2.7694375
1045_ITH_NEU_XX.wav,Asian,NEUTRAL,3.036375
1045_IOM_HAP_XX.wav,Asian,HAPPY,2.1354375
1081_DFA_HAP_XX.wav,Asian,HAPPY,1.968625
1072_WSI_ANG_XX.wav,Asian,ANGER,2.5025
1072_WSI_NEU_XX.wav,Asian,NEUTRAL,2.5025
1072_TSI_SAD_XX.wav,Asian,SAD,2.3690625
1072_TIE_HAP_XX.wav,Asian,HAPPY,2.8028125
1072_TIE_DIS_XX.wav,Asian,DISGUST,2.2355625
1072_TSI_ANG_XX.wav,Asian,ANGER,2.402375
1072_TIE_NEU_XX.wav,Asian,NEUTRAL,3.470125
1072_TSI_FEA_XX.wav,Asian,FEAR,2.8695625
1072_TSI_NEU_XX.wav,Asian,NEUTRAL,2.3023125
1072_TSI_HAP_XX.wav,Asian,HAPPY,2.3356875
1072_TIE_ANG_XX.wav,Asian,ANGER,3.43675
1072_TIE_FEA_XX.wav,Asian,FEAR,3.403375
1072_TSI_DIS_XX.wav,Asian,DISGUST,3.3700625
1072_TAI_SAD_XX.wav,Asian,SAD,2.8361875
1072_TIE_SAD_XX.wav,Asian,SAD,2.8695
1072_TAI_NEU_XX.wav,Asian,NEUTRAL,3.003
1072_TAI_HAP_XX.wav,Asian,HAPPY,2.902875
1072_MTI_NEU_XX.wav,Asian,NEUTRAL,2.93625
1072_MTI_HAP_XX.wav,Asian,HAPPY,2.93625
1072_IWW_NEU_XX.wav,Asian,NEUTRAL,2.402375
1072_MTI_DIS_XX.wav,Asian,DISGUST,3.8705625
1072_TAI_DIS_XX.wav,Asian,DISGUST,3.5035
1072_TAI_FEA_XX.wav,Asian,FEAR,3.7036875
1072_TAI_ANG_XX.wav,Asian,ANGER,3.2031875
1072_MTI_FEA_XX.wav,Asian,FEAR,3.93725
1072_IWW_SAD_XX.wav,Asian,SAD,2.902875
1072_MTI_SAD_XX.wav,Asian,SAD,3.403375
1072_IWW_HAP_XX.wav,Asian,HAPPY,2.7360625
1072_MTI_ANG_XX.wav,Asian,ANGER,2.2355625
1072_IWW_FEA_XX.wav,Asian,FEAR,3.036375
1072_IWW_DIS_XX.wav,Asian,DISGUST,2.7694375
1072_ITS_SAD_XX.wav,Asian,SAD,2.8695625
1072_IWL_FEA_XX.wav,Asian,FEAR,3.06975
1072_IWL_ANG_XX.wav,Asian,ANGER,3.036375
1072_IWL_DIS_XX.wav,Asian,DISGUST,3.7704375
1072_IWL_NEU_XX.wav,Asian,NEUTRAL,3.2365625
1072_IWW_ANG_XX.wav,Asian,ANGER,2.2689375
1072_IWL_SAD_XX.wav,Asian,SAD,2.7694375
1072_ITS_NEU_XX.wav,Asian,NEUTRAL,2.2689375
1072_ITS_HAP_XX.wav,Asian,HAPPY,2.2021875
1072_IWL_HAP_XX.wav,Asian,HAPPY,3.1364375
1072_ITS_DIS_XX.wav,Asian,DISGUST,2.8028125
1072_ITS_FEA_XX.wav,Asian,FEAR,2.5025
1072_ITS_ANG_XX.wav,Asian,ANGER,2.902875
1072_ITH_SAD_XX.wav,Asian,SAD,2.7360625
1072_IOM_NEU_XX.wav,Asian,NEUTRAL,2.902875
1072_ITH_ANG_XX.wav,Asian,ANGER,3.470125
1072_IOM_SAD_XX.wav,Asian,SAD,3.103125
1072_ITH_DIS_XX.wav,Asian,DISGUST,3.2031875
1072_ITH_FEA_XX.wav,Asian,FEAR,2.6693125
1072_ITH_NEU_XX.wav,Asian,NEUTRAL,2.902875
1072_IOM_DIS_XX.wav,Asian,DISGUST,3.103125
1072_IOM_FEA_XX.wav,Asian,FEAR,2.7694375
1072_ITH_HAP_XX.wav,Asian,HAPPY,2.6359375
1072_IOM_HAP_XX.wav,Asian,HAPPY,2.535875
1072_IOM_ANG_XX.wav,Asian,ANGER,2.969625
1072_IEO_FEA_HI.wav,Asian,FEAR,2.56925
1072_IEO_DIS_MD.wav,Asian,DISGUST,3.33275
1072_IEO_FEA_LO.wav,Asian,FEAR,2.1354375
1072_IEO_DIS_LO.wav,Asian,DISGUST,2.3356875
1072_IEO_SAD_MD.wav,Asian,SAD,2.8361875
1072_IEO_SAD_LO.wav,Asian,SAD,2.102125
1072_IEO_SAD_HI.wav,Asian,SAD,2.1688125
1072_IEO_DIS_HI.wav,Asian,DISGUST,2.56925
1072_IEO_HAP_HI.wav,Asian,HAPPY,1.8685625
1072_IEO_HAP_LO.wav,Asian,HAPPY,2.2021875
1072_IEO_NEU_XX.wav,Asian,NEUTRAL,2.602625
1081_TIE_DIS_XX.wav,Asian,DISGUST,3.1364375
1081_TAI_FEA_XX.wav,Asian,FEAR,2.7694375
1081_TAI_HAP_XX.wav,Asian,HAPPY,2.2755625
1081_TIE_FEA_XX.wav,Asian,FEAR,3.1698125
1081_MTI_ANG_XX.wav,Asian,ANGER,2.369
1081_MTI_DIS_XX.wav,Asian,DISGUST,3.2365625
1081_IWL_SAD_XX.wav,Asian,SAD,2.56925
1081_IWW_DIS_XX.wav,Asian,DISGUST,3.5035
1081_MTI_FEA_XX.wav,Asian,FEAR,3.06975
1081_MTI_NEU_XX.wav,Asian,NEUTRAL,2.56925
1081_IWW_NEU_XX.wav,Asian,NEUTRAL,2.369
1081_IWW_FEA_XX.wav,Asian,FEAR,2.3023125
1081_MTI_HAP_XX.wav,Asian,HAPPY,2.8695
1081_MTI_SAD_XX.wav,Asian,SAD,2.369
1081_TAI_ANG_XX.wav,Asian,ANGER,2.06875
1081_IWW_ANG_XX.wav,Asian,ANGER,2.602625
1081_IWL_NEU_XX.wav,Asian,NEUTRAL,2.7026875
1081_IWW_SAD_XX.wav,Asian,SAD,2.402375
1081_IWW_HAP_XX.wav,Asian,HAPPY,1.93525
1081_IWL_HAP_XX.wav,Asian,HAPPY,2.369
1081_IWL_DIS_XX.wav,Asian,DISGUST,2.6693125
1081_ITS_NEU_XX.wav,Asian,NEUTRAL,2.5025
1081_ITS_FEA_XX.wav,Asian,FEAR,3.06975
1081_ITS_DIS_XX.wav,Asian,DISGUST,3.5035
1081_IWL_FEA_XX.wav,Asian,FEAR,2.8028125
1081_IWL_ANG_XX.wav,Asian,ANGER,3.06975
1081_ITH_SAD_XX.wav,Asian,SAD,2.402375
1081_ITS_HAP_XX.wav,Asian,HAPPY,2.5025
1081_ITS_ANG_XX.wav,Asian,ANGER,2.535875
1081_ITS_SAD_XX.wav,Asian,SAD,2.902875
1081_ITH_NEU_XX.wav,Asian,NEUTRAL,2.7360625
1081_ITH_FEA_XX.wav,Asian,FEAR,2.43575
1081_ITH_HAP_XX.wav,Asian,HAPPY,2.1354375
1081_ITH_DIS_XX.wav,Asian,DISGUST,2.969625
1081_IOM_FEA_XX.wav,Asian,FEAR,2.3023125
1081_IEO_SAD_MD.wav,Asian,SAD,2.969625
1081_IEO_SAD_LO.wav,Asian,SAD,2.2689375
1081_IOM_ANG_XX.wav,Asian,ANGER,2.2021875
1081_IOM_SAD_XX.wav,Asian,SAD,2.56925
1081_IOM_HAP_XX.wav,Asian,HAPPY,2.369
1081_IOM_DIS_XX.wav,Asian,DISGUST,2.6693125
1081_ITH_ANG_XX.wav,Asian,ANGER,2.43575
1081_IOM_NEU_XX.wav,Asian,NEUTRAL,1.93525
1081_IEO_SAD_HI.wav,Asian,SAD,1.8685
1081_IEO_NEU_XX.wav,Asian,NEUTRAL,2.1354375
1081_IEO_HAP_MD.wav,Asian,HAPPY,2.6359375
1081_IEO_HAP_LO.wav,Asian,HAPPY,2.06875
1081_IEO_FEA_HI.wav,Asian,FEAR,2.2689375
1081_IEO_DIS_MD.wav,Asian,DISGUST,2.2021875
1081_IEO_FEA_LO.wav,Asian,FEAR,1.901875
1081_IEO_DIS_HI.wav,Asian,DISGUST,2.469125
1081_IEO_HAP_HI.wav,Asian,HAPPY,2.7360625
1081_IEO_FEA_MD.wav,Asian,FEAR,2.43575
1081_IEO_ANG_HI.wav,Asian,ANGER,3.470125
1081_IEO_DIS_LO.wav,Asian,DISGUST,1.901875
1081_IEO_ANG_MD.wav,Asian,ANGER,2.602625
1081_IEO_ANG_LO.wav,Asian,ANGER,2.369
1072_WSI_SAD_XX.wav,Asian,SAD,2.6693125
1081_DFA_DIS_XX.wav,Asian,DISGUST,1.968625
1081_DFA_FEA_XX.wav,Asian,FEAR,2.369
1081_DFA_ANG_XX.wav,Asian,ANGER,1.901875
1081_DFA_NEU_XX.wav,Asian,NEUTRAL,2.469125
1081_DFA_SAD_XX.wav,Asian,SAD,2.3356875
1072_WSI_DIS_XX.wav,Asian,DISGUST,3.903875
1072_WSI_HAP_XX.wav,Asian,HAPPY,2.56925
1072_WSI_FEA_XX.wav,Asian,FEAR,2.8028125
1085_MTI_NEU_XX.wav,Asian,NEUTRAL,2.2021875
1085_IWW_HAP_XX.wav,Asian,HAPPY,2.535875
1085_IWW_SAD_XX.wav,Asian,SAD,2.535875
1085_TAI_ANG_XX.wav,Asian,ANGER,2.6359375
1085_IWL_FEA_XX.wav,Asian,FEAR,3.7370625
1085_IWL_HAP_XX.wav,Asian,HAPPY,2.3356875
1085_IWL_ANG_XX.wav,Asian,ANGER,2.902875
1085_ITS_SAD_XX.wav,Asian,SAD,2.535875
1085_IWW_FEA_XX.wav,Asian,FEAR,2.3356875
1085_IWW_DIS_XX.wav,Asian,DISGUST,2.969625
1085_MTI_ANG_XX.wav,Asian,ANGER,2.035375
1085_MTI_SAD_XX.wav,Asian,SAD,2.7360625
1085_IWW_ANG_XX.wav,Asian,ANGER,2.602625
1085_IWL_DIS_XX.wav,Asian,DISGUST,2.2355625
1085_ITS_NEU_XX.wav,Asian,NEUTRAL,2.1354375
1085_IWL_SAD_XX.wav,Asian,SAD,2.902875
1085_IWL_NEU_XX.wav,Asian,NEUTRAL,1.93525
1085_ITS_FEA_XX.wav,Asian,FEAR,3.2365625
1085_ITS_DIS_XX.wav,Asian,DISGUST,3.6703125
1085_ITS_HAP_XX.wav,Asian,HAPPY,2.402375
1085_ITH_HAP_XX.wav,Asian,HAPPY,2.3356875
1085_ITH_DIS_XX.wav,Asian,DISGUST,3.43675
1085_ITH_FEA_XX.wav,Asian,FEAR,2.602625
1085_ITH_ANG_XX.wav,Asian,ANGER,2.6359375
1085_IOM_SAD_XX.wav,Asian,SAD,2.402375
1085_IOM_NEU_XX.wav,Asian,NEUTRAL,1.3346875
1085_ITH_SAD_XX.wav,Asian,SAD,2.3023125
1085_ITS_ANG_XX.wav,Asian,ANGER,2.1354375
1085_ITH_NEU_XX.wav,Asian,NEUTRAL,2.8361875
1085_IOM_HAP_XX.wav,Asian,HAPPY,1.968625
1085_IOM_FEA_XX.wav,Asian,FEAR,2.469125
1085_IOM_DIS_XX.wav,Asian,DISGUST,2.969625
1085_IOM_ANG_XX.wav,Asian,ANGER,2.1354375
1085_IEO_SAD_LO.wav,Asian,SAD,2.602625
1085_IEO_SAD_HI.wav,Asian,SAD,2.3023125
1085_IEO_FEA_MD.wav,Asian,FEAR,2.6359375
1085_IEO_HAP_HI.wav,Asian,HAPPY,2.1688125
1085_IEO_NEU_XX.wav,Asian,NEUTRAL,2.035375
1085_IEO_HAP_MD.wav,Asian,HAPPY,2.002
1085_IEO_SAD_MD.wav,Asian,SAD,2.2689375
1085_IEO_HAP_LO.wav,Asian,HAPPY,1.93525
1085_IEO_FEA_HI.wav,Asian,FEAR,2.2021875
1085_IEO_FEA_LO.wav,Asian,FEAR,2.06875
1085_IEO_DIS_MD.wav,Asian,DISGUST,2.369
1085_DFA_FEA_XX.wav,Asian,FEAR,2.6359375
1085_DFA_NEU_XX.wav,Asian,NEUTRAL,2.102125
1085_DFA_DIS_XX.wav,Asian,DISGUST,2.8695
1085_DFA_SAD_XX.wav,Asian,SAD,2.3023125
1085_IEO_DIS_LO.wav,Asian,DISGUST,2.6359375
1085_IEO_DIS_HI.wav,Asian,DISGUST,2.7360625
1085_DFA_ANG_XX.wav,Asian,ANGER,2.2755625
1085_IEO_ANG_HI.wav,Asian,ANGER,1.6683125
1085_IEO_ANG_MD.wav,Asian,ANGER,2.402375
1085_IEO_ANG_LO.wav,Asian,ANGER,2.035375
1085_DFA_HAP_XX.wav,Asian,HAPPY,1.8018125
1081_WSI_NEU_XX.wav,Asian,NEUTRAL,2.8028125
1081_WSI_SAD_XX.wav,Asian,SAD,2.7360625
1081_WSI_ANG_XX.wav,Asian,ANGER,2.6693125
1081_WSI_DIS_XX.wav,Asian,DISGUST,3.003
1081_TSI_NEU_XX.wav,Asian,NEUTRAL,2.3356875
1081_TSI_SAD_XX.wav,Asian,SAD,2.469125
1081_WSI_HAP_XX.wav,Asian,HAPPY,3.003
1081_TSI_DIS_XX.wav,Asian,DISGUST,3.036375
1081_TSI_HAP_XX.wav,Asian,HAPPY,2.535875
1081_WSI_FEA_XX.wav,Asian,FEAR,3.003
1081_TSI_FEA_XX.wav,Asian,FEAR,2.535875
1081_TIE_NEU_XX.wav,Asian,NEUTRAL,2.06875
1081_TIE_HAP_XX.wav,Asian,HAPPY,2.535875
1081_TAI_SAD_XX.wav,Asian,SAD,2.602625
1081_TAI_NEU_XX.wav,Asian,NEUTRAL,2.43575
1081_TAI_DIS_XX.wav,Asian,DISGUST,3.003
1081_TIE_ANG_XX.wav,Asian,ANGER,2.7026875
1081_TIE_SAD_XX.wav,Asian,SAD,2.7026875
1081_TSI_ANG_XX.wav,Asian,ANGER,2.1354375
1090_IWW_HAP_XX.wav,Asian,HAPPY,2.2021875
1090_IWL_FEA_XX.wav,Asian,FEAR,2.469125
1090_IWL_DIS_XX.wav,Asian,DISGUST,3.2699375
1090_IWL_ANG_XX.wav,Asian,ANGER,3.3033125
1090_ITS_NEU_XX.wav,Asian,NEUTRAL,2.535875
1090_ITS_ANG_XX.wav,Asian,ANGER,2.56925
1090_ITS_SAD_XX.wav,Asian,SAD,2.93625
1090_ITH_SAD_XX.wav,Asian,SAD,2.6693125
1090_ITS_DIS_XX.wav,Asian,DISGUST,2.8695
1090_ITS_FEA_XX.wav,Asian,FEAR,2.5025
1090_ITH_NEU_XX.wav,Asian,NEUTRAL,2.3023125
1090_ITH_HAP_XX.wav,Asian,HAPPY,2.1354375
1090_ITH_ANG_XX.wav,Asian,ANGER,3.470125
1090_ITS_HAP_XX.wav,Asian,HAPPY,2.93625
1090_ITH_FEA_XX.wav,Asian,FEAR,3.43675
1090_ITH_DIS_XX.wav,Asian,DISGUST,3.57025
1090_IOM_SAD_XX.wav,Asian,SAD,2.7026875
1090_IOM_DIS_XX.wav,Asian,DISGUST,2.7360625
1090_IEO_SAD_LO.wav,Asian,SAD,2.002
1090_IOM_ANG_XX.wav,Asian,ANGER,2.5025
1090_IEO_SAD_MD.wav,Asian,SAD,2.002
1090_IEO_SAD_HI.wav,Asian,SAD,1.8018125
1090_IOM_FEA_XX.wav,Asian,FEAR,2.602625
1090_IOM_NEU_XX.wav,Asian,NEUTRAL,2.1688125
1090_IEO_NEU_XX.wav,Asian,NEUTRAL,1.6683125
1090_IOM_HAP_XX.wav,Asian,HAPPY,2.469125
1090_IEO_HAP_MD.wav,Asian,HAPPY,1.901875
1090_IEO_HAP_LO.wav,Asian,HAPPY,1.93525
1090_IEO_FEA_LO.wav,Asian,FEAR,1.6683125
1090_IEO_ANG_HI.wav,Asian,ANGER,2.8695
1090_IEO_ANG_LO.wav,Asian,ANGER,2.56925
1090_IEO_DIS_MD.wav,Asian,DISGUST,2.6359375
1090_IEO_ANG_MD.wav,Asian,ANGER,2.43575
1090_IEO_HAP_HI.wav,Asian,HAPPY,2.002
1090_IEO_FEA_MD.wav,Asian,FEAR,2.002
1090_IEO_DIS_LO.wav,Asian,DISGUST,1.8685
1090_IEO_DIS_HI.wav,Asian,DISGUST,1.8685
1090_IEO_FEA_HI.wav,Asian,FEAR,1.8351875
1090_DFA_NEU_XX.wav,Asian,NEUTRAL,1.8018125
1090_DFA_SAD_XX.wav,Asian,SAD,1.8685
1090_DFA_HAP_XX.wav,Asian,HAPPY,1.901875
1090_DFA_FEA_XX.wav,Asian,FEAR,2.2021875
1085_WSI_DIS_XX.wav,Asian,DISGUST,3.8038125
1085_WSI_NEU_XX.wav,Asian,NEUTRAL,2.3023125
1085_WSI_FEA_XX.wav,Asian,FEAR,3.003
1085_WSI_HAP_XX.wav,Asian,HAPPY,2.43575
1085_WSI_SAD_XX.wav,Asian,SAD,3.5035
1090_DFA_DIS_XX.wav,Asian,DISGUST,2.469125
1085_WSI_ANG_XX.wav,Asian,ANGER,2.8695
1085_TSI_SAD_XX.wav,Asian,SAD,2.1354375
1090_DFA_ANG_XX.wav,Asian,ANGER,2.2021875
1085_TSI_NEU_XX.wav,Asian,NEUTRAL,1.8685
1085_TSI_HAP_XX.wav,Asian,HAPPY,2.002
1085_TSI_DIS_XX.wav,Asian,DISGUST,3.2699375
1085_TIE_NEU_XX.wav,Asian,NEUTRAL,2.3023125
1085_TIE_HAP_XX.wav,Asian,HAPPY,2.469125
1085_TSI_FEA_XX.wav,Asian,FEAR,2.2021875
1085_TSI_ANG_XX.wav,Asian,ANGER,2.43575
1085_TIE_ANG_XX.wav,Asian,ANGER,2.7026875
1085_TIE_FEA_XX.wav,Asian,FEAR,3.5035
1085_TAI_FEA_XX.wav,Asian,FEAR,2.969625
1085_TIE_SAD_XX.wav,Asian,SAD,2.902875
1085_TAI_NEU_XX.wav,Asian,NEUTRAL,2.2689375
1085_TIE_DIS_XX.wav,Asian,DISGUST,3.8705625
1085_TAI_SAD_XX.wav,Asian,SAD,2.469125
1085_TAI_HAP_XX.wav,Asian,HAPPY,2.402375
1085_TAI_DIS_XX.wav,Asian,DISGUST,3.06975
1085_MTI_FEA_XX.wav,Asian,FEAR,3.536875
1085_MTI_HAP_XX.wav,Asian,HAPPY,2.369
1085_IWW_NEU_XX.wav,Asian,NEUTRAL,2.402375
1085_MTI_DIS_XX.wav,Asian,DISGUST,3.8038125
1091_IOM_HAP_XX.wav,Asian,HAPPY,2.5025
1091_IOM_NEU_XX.wav,Asian,NEUTRAL,2.002
1091_ITH_SAD_XX.wav,Asian,SAD,3.003
1091_IOM_FEA_XX.wav,Asian,FEAR,3.003
1091_IOM_DIS_XX.wav,Asian,DISGUST,2.6693125
1091_IEO_FEA_HI.wav,Asian,FEAR,2.3356875
1091_IEO_HAP_MD.wav,Asian,HAPPY,2.6693125
1091_IEO_FEA_LO.wav,Asian,FEAR,2.5025
1091_IEO_FEA_MD.wav,Asian,FEAR,2.6693125
1091_IEO_SAD_MD.wav,Asian,SAD,2.3356875
1091_IOM_ANG_XX.wav,Asian,ANGER,2.002
1091_IEO_SAD_LO.wav,Asian,SAD,2.1688125
1091_IEO_NEU_XX.wav,Asian,NEUTRAL,1.8351875
1091_IEO_HAP_LO.wav,Asian,HAPPY,1.6683125
1091_IEO_SAD_HI.wav,Asian,SAD,2.002
1091_IEO_HAP_HI.wav,Asian,HAPPY,2.002
1091_IEO_DIS_LO.wav,Asian,DISGUST,2.6693125
1091_IEO_DIS_MD.wav,Asian,DISGUST,2.5025
1091_IEO_DIS_HI.wav,Asian,DISGUST,2.8361875
1091_DFA_SAD_XX.wav,Asian,SAD,2.002
1090_WSI_SAD_XX.wav,Asian,SAD,3.1698125
1091_DFA_DIS_XX.wav,Asian,DISGUST,2.6693125
1091_DFA_NEU_XX.wav,Asian,NEUTRAL,2.002
1091_IEO_ANG_MD.wav,Asian,ANGER,2.3356875
1091_IEO_ANG_LO.wav,Asian,ANGER,2.1688125
1091_DFA_HAP_XX.wav,Asian,HAPPY,2.002
1091_DFA_FEA_XX.wav,Asian,FEAR,2.002
1091_DFA_ANG_XX.wav,Asian,ANGER,2.002
1091_IEO_ANG_HI.wav,Asian,ANGER,2.1688125
1090_WSI_NEU_XX.wav,Asian,NEUTRAL,2.369
1090_WSI_HAP_XX.wav,Asian,HAPPY,2.3023125
1090_TSI_NEU_XX.wav,Asian,NEUTRAL,2.1688125
1090_TSI_HAP_XX.wav,Asian,HAPPY,2.56925
1090_TSI_SAD_XX.wav,Asian,SAD,2.56925
1090_TSI_FEA_XX.wav,Asian,FEAR,2.535875
1090_WSI_FEA_XX.wav,Asian,FEAR,2.2021875
1090_WSI_DIS_XX.wav,Asian,DISGUST,2.969625
1090_TIE_SAD_XX.wav,Asian,SAD,3.8371875
1090_TSI_DIS_XX.wav,Asian,DISGUST,3.2699375
1090_WSI_ANG_XX.wav,Asian,ANGER,2.902875
1090_TIE_HAP_XX.wav,Asian,HAPPY,2.469125
1090_TSI_ANG_XX.wav,Asian,ANGER,2.8695
1090_TIE_ANG_XX.wav,Asian,ANGER,2.93625
1090_TAI_HAP_XX.wav,Asian,HAPPY,2.402375
1090_TAI_FEA_XX.wav,Asian,FEAR,2.43575
1090_TAI_DIS_XX.wav,Asian,DISGUST,3.036375
1090_MTI_SAD_XX.wav,Asian,SAD,2.7360625
1090_TIE_FEA_XX.wav,Asian,FEAR,2.93625
1090_TIE_NEU_XX.wav,Asian,NEUTRAL,2.43575
1090_TIE_DIS_XX.wav,Asian,DISGUST,4.004
1090_TAI_SAD_XX.wav,Asian,SAD,2.5025
1090_TAI_ANG_XX.wav,Asian,ANGER,3.470125
1090_MTI_NEU_XX.wav,Asian,NEUTRAL,2.3356875
1090_TAI_NEU_XX.wav,Asian,NEUTRAL,2.402375
1090_MTI_HAP_XX.wav,Asian,HAPPY,2.8028125
1090_MTI_DIS_XX.wav,Asian,DISGUST,3.8038125
1090_MTI_FEA_XX.wav,Asian,FEAR,2.8695
1090_MTI_ANG_XX.wav,Asian,ANGER,2.2355625
1090_IWW_FEA_XX.wav,Asian,FEAR,2.5025
1090_IWW_DIS_XX.wav,Asian,DISGUST,2.2689375
1090_IWL_SAD_XX.wav,Asian,SAD,2.56925
1090_IWW_ANG_XX.wav,Asian,ANGER,2.8695
1090_IWW_NEU_XX.wav,Asian,NEUTRAL,2.1354375
1090_IWW_SAD_XX.wav,Asian,SAD,2.8695
1090_IWL_NEU_XX.wav,Asian,NEUTRAL,2.7694375
1090_IWL_HAP_XX.wav,Asian,HAPPY,2.602625
1091_WSI_FEA_XX.wav,Asian,FEAR,2.5025
1091_WSI_SAD_XX.wav,Asian,SAD,2.5025
1091_WSI_HAP_XX.wav,Asian,HAPPY,2.1688125
1091_WSI_NEU_XX.wav,Asian,NEUTRAL,2.3356875
1091_WSI_ANG_XX.wav,Asian,ANGER,2.6693125
1091_WSI_DIS_XX.wav,Asian,DISGUST,2.5025
1091_TSI_NEU_XX.wav,Asian,NEUTRAL,2.1688125
1091_TSI_SAD_XX.wav,Asian,SAD,2.6693125
1091_TSI_HAP_XX.wav,Asian,HAPPY,2.5025
1091_TIE_FEA_XX.wav,Asian,FEAR,2.5025
1091_TIE_DIS_XX.wav,Asian,DISGUST,3.7704375
1091_TIE_NEU_XX.wav,Asian,NEUTRAL,2.2755625
1091_TIE_HAP_XX.wav,Asian,HAPPY,2.8361875
1091_TSI_FEA_XX.wav,Asian,FEAR,2.1688125
1091_TSI_DIS_XX.wav,Asian,DISGUST,2.6693125
1091_TSI_ANG_XX.wav,Asian,ANGER,2.1688125
1091_TIE_ANG_XX.wav,Asian,ANGER,2.6693125
1091_TAI_SAD_XX.wav,Asian,SAD,2.1688125
1091_TIE_SAD_XX.wav,Asian,SAD,2.2355625
1091_TAI_NEU_XX.wav,Asian,NEUTRAL,2.2689375
1091_TAI_HAP_XX.wav,Asian,HAPPY,2.3356875
1091_TAI_FEA_XX.wav,Asian,FEAR,2.5025
1091_TAI_DIS_XX.wav,Asian,DISGUST,2.6693125
1091_MTI_FEA_XX.wav,Asian,FEAR,2.6693125
1091_IWW_NEU_XX.wav,Asian,NEUTRAL,2.8361875
1091_MTI_DIS_XX.wav,Asian,DISGUST,3.003
1091_MTI_HAP_XX.wav,Asian,HAPPY,2.8361875
1091_MTI_SAD_XX.wav,Asian,SAD,2.5025
1091_IWW_HAP_XX.wav,Asian,HAPPY,3.003
1091_IWW_SAD_XX.wav,Asian,SAD,2.5025
1091_TAI_ANG_XX.wav,Asian,ANGER,2.3356875
1091_MTI_NEU_XX.wav,Asian,NEUTRAL,2.1688125
1091_MTI_ANG_XX.wav,Asian,ANGER,2.3356875
1091_IWW_FEA_XX.wav,Asian,FEAR,2.8361875
1091_IWW_ANG_XX.wav,Asian,ANGER,2.5025
1091_IWL_HAP_XX.wav,Asian,HAPPY,2.6693125
1091_IWL_FEA_XX.wav,Asian,FEAR,2.6693125
1091_IWL_DIS_XX.wav,Asian,DISGUST,3.003
1091_IWL_NEU_XX.wav,Asian,NEUTRAL,2.3356875
1091_IWW_DIS_XX.wav,Asian,DISGUST,3.003
1091_IWL_SAD_XX.wav,Asian,SAD,2.5025
1091_IWL_ANG_XX.wav,Asian,ANGER,2.5025
1091_ITS_SAD_XX.wav,Asian,SAD,2.602625
1091_ITS_NEU_XX.wav,Asian,NEUTRAL,2.5025
1091_ITS_FEA_XX.wav,Asian,FEAR,2.6693125
1091_ITS_HAP_XX.wav,Asian,HAPPY,2.8361875
1091_ITS_DIS_XX.wav,Asian,DISGUST,2.6693125
1091_ITH_HAP_XX.wav,Asian,HAPPY,2.6693125
1091_IOM_SAD_XX.wav,Asian,SAD,2.3356875
1091_ITH_FEA_XX.wav,Asian,FEAR,2.6693125
1091_ITH_NEU_XX.wav,Asian,NEUTRAL,2.3356875
1091_ITH_DIS_XX.wav,Asian,DISGUST,3.003
1091_ITH_ANG_XX.wav,Asian,ANGER,2.6693125
1091_ITS_ANG_XX.wav,Asian,ANGER,2.8361875
